time,plety,ECG,Patient ID
0.0,-30.8090783073817,52559872,4
0.0150071387565545,-31.5240651320568,4128771,4
0.030014277513109,-32.691720643651,-5505024,4
0.0450214162696635,-34.0904781373563,-7274496,4
0.060028555026218,-36.4715708553176,-7667712,4
0.0750356937827724,-41.4583929068007,-7536637,4
0.090042832539327,-50.9566003051565,-6684672,4
0.105049971295881,-67.7459258857879,-6684669,4
0.120057110052436,-90.0512864201227,-6225917,4
0.13506424880899,-110.93553169702,-5373950,4
0.150071387565545,-129.494801513198,-3997695,4
0.165078526322099,-148.009834362612,-2293760,4
0.180085665078654,-163.918714119844,-1703933,4
0.195092803835208,-174.796472960224,-131072,4
0.210099942591763,-202.978894965978,1769474,4
0.225107081348317,-295.202557847214,1966082,4
0.240114220104872,-307.545742023206,1966081,4
0.255121358861426,-233.597917752457,458755,4
0.270128497617981,-265.432829381302,-2424831,4
0.285135636374535,-292.809406107874,-4390910,4
0.30014277513109,-229.149822549464,-5767168,4
0.315149913887644,-193.416730945098,-5832701,4
0.330157052644199,-151.220675323966,-5505024,4
0.345164191400753,-87.3031665871073,-5046272,4
0.360171330157308,-31.711617329212,-4653056,4
0.375178468913862,31.9240051058319,-3866622,4
0.390185607670417,96.5832953091221,-3670014,4
0.405192746426971,156.967174190346,-3473405,4
0.420199885183526,212.930320269212,-3145726,4
0.43520702394008,264.17036886381,-3080192,4
0.450214162696635,311.096026073096,-3276797,4
0.465221301453189,356.947934842589,-3276799,4
0.480228440209744,400.721204442065,-3276797,4
0.495235578966298,437.137933702514,-3407871,4
0.510242717722853,464.354254212379,-2883583,4
0.525249856479407,480.346577826411,-2818047,4
0.540256995235962,484.215367955304,-3014655,4
0.555264133992516,479.24095491658,-2686976,4
0.570271272749071,466.404970445182,-2621438,4
0.585278411505625,446.087577532079,-2686976,4
0.60028555026218,420.881816843652,-2621437,4
0.615292689018734,393.042574680106,-2097149,4
0.630299827775289,366.375372231284,-2424830,4
0.645306966531843,346.780971177229,-2490366,4
0.660314105288398,334.994437791617,-1703934,4
0.675321244044952,327.058749329753,-2031613,4
0.690328382801507,320.330032009369,-1900544,4
0.705335521558061,309.679328588115,-1638397,4
0.720342660314616,292.914568979649,-1376256,4
0.73534979907117,273.193645055803,-720896,4
0.750356937827725,248.423847622289,-655359,4
0.765364076584279,214.962303117024,-1114111,4
0.780371215340833,173.532507726559,-1245182,4
0.795378354097388,125.361380619382,-1703934,4
0.810385492853943,73.3944876123413,-1048575,4
0.825392631610497,24.3054739512402,-1310718,4
0.840399770367051,-20.2693437952107,-917504,4
0.855406909123606,-63.2854066782668,-65536,4
0.87041404788016,-103.381783735447,-4980733,4
0.885421186636715,-139.28761886663,5308418,4
0.900428325393269,-171.27119816565,55705600,4
0.915435464149824,-197.947185461211,59899906,4
0.930442602906378,-220.670798747312,11862016,4
0.945449741662933,-243.477553683748,-5898240,4
0.960456880419487,-266.749104625409,-6815741,4
0.975464019176042,-288.878017699151,-7864318,4
0.990471157932596,-310.405477257535,-7929853,4
1.00547829668915,-331.279641157226,-7274494,4
1.02048543544571,-351.198356107419,-6488064,4
1.03549257420226,-371.00363630442,-6160384,4
1.05049971295881,-389.740401099588,-5111808,4
1.06550685171537,-405.086565908255,-4128767,4
1.08051399047192,-416.833234018489,-3014653,4
1.09552112922848,-425.82037998777,-1966077,4
1.11052826798503,-431.847048344327,-131069,4
1.12553540674159,-435.16750364211,1441794,4
1.14054254549814,-436.171598568709,2097152,4
1.1555496842547,-434.686158046206,2424835,4
1.17055682301125,-431.653788484114,1114114,4
1.1855639617678,-428.857035926657,-1179648,4
1.20057110052436,-426.955097554856,-3538941,4
1.21557823928091,-426.088621870262,-5111805,4
1.23058537803747,-427.076286743024,-5505021,4
1.24559251679402,-430.565688693452,-5111808,4
1.26059965555058,-435.794612837384,-4915198,4
1.27560679430713,-440.861762465391,-4456446,4
1.29061393306369,-443.197546717098,-4259839,4
1.30562107182024,-438.846232072888,-3801087,4
1.3206282105768,-424.921474704663,-3407871,4
1.33563534933335,-399.844210708748,-3276799,4
1.3506424880899,-359.887680363104,-3014654,4
1.36564962684646,-300.582934885096,-3342336,4
1.38065676560301,-222.467416053348,-3473405,4
1.39566390435957,-130.220807546755,-3670014,4
1.41067104311612,-29.11855424423,-3866621,4
1.42567818187268,71.8895849705482,-3276800,4
1.44068532062923,167.217395213462,-3670014,4
1.45569245938579,256.151370228212,-3604477,4
1.47069959814234,331.693342110236,-3342334,4
1.48570673689889,384.839923708107,-3604477,4
1.50071387565545,414.616756283684,-3080192,4
1.515721014412,424.445723871462,-2621437,4
1.53072815316856,419.414794154403,-2883581,4
1.54573529192511,410.868869973826,-3080189,4
1.56074243068167,402.47195400044,-2752510,4
1.57574956943822,388.953821366727,-2228221,4
1.59075670819478,374.436345054927,-2424829,4
1.60576384695133,364.626701230818,-2686974,4
1.62077098570789,359.335595376894,-2293760,4
1.63577812446444,359.035892242586,-1835007,4
1.65078526322099,360.219827311431,-1900543,4
1.66579240197755,353.163503020552,-1835008,4
1.6807995407341,337.502996964623,-2097150,4
1.69580667949066,320.574226575015,-1835007,4
1.71081381824721,303.035694613326,-1638398,4
1.72582095700377,286.471183216075,-917504,4
1.74082809576032,272.382332306554,-1703935,4
1.75583523451688,256.842511366934,-1507325,4
1.77084237327343,241.021602721203,-1441789,4
1.78584951202998,229.17394399894,-2031613,4
1.80085665078654,220.385877642955,-2228221,4
1.81586378954309,212.62142847738,-1900541,4
1.83087092829965,204.457783788299,-327680,4
1.8458780670562,192.171320756974,-1048574,4
1.86088520581276,175.129896532971,-6553598,4
1.87589234456931,156.363527947632,10813440,4
1.89089948332587,136.179089047112,58654720,4
1.90590662208242,115.008291137012,27131905,4
1.92091376083897,93.2124972533287,-7012352,4
1.93592089959553,68.6514601105616,-5767167,4
1.95092803835208,41.1110395787682,-8388606,4
1.96593517710864,11.4097259515555,-8257534,4
1.98094231586519,-20.3843636846906,-7864320,4
1.99594945462175,-53.119583772681,-6815744,4
2.0109565933783,-85.8480443307791,-6619133,4
2.02596373213486,-118.03218288242,-5898239,4
2.04097087089141,-148.116697250341,-5308416,4
2.05597800964797,-174.116554721131,-4325375,4
2.07098514840452,-193.802106079914,-3538944,4
2.08599228716107,-204.237339590748,-1769472,4
2.10099942591763,-205.288857635016,131074,4
2.11600656467418,-199.887239690374,1507328,4
2.13101370343074,-190.428852698753,2162688,4
2.14602084218729,-180.836180310577,1572864,4
2.16102798094385,-173.69600030567,-720893,4
2.1760351197004,-168.790763722594,-3604479,4
2.19104225845696,-169.219013182696,-5111807,4
2.20604939721351,-179.344277316502,-6225920,4
2.22105653597006,-198.558120433648,-6619133,4
2.23606367472662,-223.283914467291,-6225917,4
2.25107081348317,-249.132293045369,-6094845,4
2.26607795223973,-268.027486294512,-5439487,4
2.28108509099628,-275.915493182443,-4784126,4
2.29609222975284,-273.683917632064,-4718590,4
2.31109936850939,-256.590075035447,-4456447,4
2.32610650726595,-218.642235783697,-4390912,4
2.3411136460225,-160.582600568901,-4390910,4
2.35612078477906,-86.4144207888096,-3932158,4
2.37112792353561,-2.34212554927147,-3801085,4
2.38613506229216,79.7117925913332,-3997693,4
2.40114220104872,154.241904799557,-4063230,4
2.41614933980527,222.721255309558,-3866622,4
2.43115647856183,278.53406898059,-4259837,4
2.44616361731838,313.580425569199,-4128766,4
2.46117075607494,327.366882437905,-2949118,4
2.47617789483149,321.935688395862,-3211261,4
2.49118503358805,302.617085759861,-3276800,4
2.5061921723446,281.745144566368,-3276799,4
2.52119931110115,262.70020425359,-2883581,4
2.53620644985771,239.992948864159,-2555902,4
2.55121358861426,217.4137814793,-2424830,4
2.56622072737082,199.62927692697,-2228221,4
2.58122786612737,186.29844271662,-2097151,4
2.59623500488393,178.523923513018,-2031615,4
2.61124214364048,172.794352820716,-1835006,4
2.62624928239704,159.494634048544,-1572862,4
2.64125642115359,138.665523855063,-1572862,4
2.65626355991014,117.861524082901,-1638398,4
2.6712706986667,98.4848059174667,-983037,4
2.68627783742325,83.3688043023483,-720893,4
2.70128497617981,73.0379856560759,-393213,4
2.71629211493636,60.4662933450595,-851967,4
2.73129925369292,43.8640292418971,-917503,4
2.74630639244947,23.1472305405259,-327678,4
2.76131353120603,-0.601882936641978,-327680,4
2.77632066996258,-19.6932273841471,-786429,4
2.79132780871914,-33.2753541062759,-589824,4
2.80633494747569,-45.8815459321744,655360,4
2.82134208623224,-58.3086404135604,-2228222,4
2.8363492249888,-74.0839136738935,-1769472,4
2.85135636374535,-117.343920637091,41156609,4
2.86636350250191,-232.339181180546,54525954,4
2.88137064125846,-258.676785184706,5898243,4
2.89637778001502,-191.347396621011,-4718591,4
2.91138491877157,-226.504544479349,-6684669,4
2.92639205752813,-269.647431551313,-7274494,4
2.94139919628468,-243.088010582822,-6750208,4
2.95640633504123,-241.648546461223,-6291453,4
2.97141347379779,-218.49395573883,-5832703,4
2.98642061255434,-198.529520113011,-5373951,4
3.0014277513109,-194.567519473589,-4653056,4
3.01643489006745,-188.393946674026,-3407870,4
3.03144202882401,-190.02532065927,-2424829,4
3.04644916758056,-206.110493918157,-983038,4
3.06145630633712,-234.040543904899,917505,4
3.07646344509367,-270.799158521457,2752514,4
3.09147058385022,-311.751795707345,3801089,4
3.10647772260678,-347.145604317092,4128771,4
3.12148486136333,-372.565879763601,2359298,4
3.13649200011989,-389.169318857114,-655358,4
3.15149913887644,-391.644230835803,-3080191,4
3.166506277633,-373.566820667687,-3866621,4
3.18151341638955,-335.013652340743,-4521982,4
3.19652055514611,-278.584761203804,-4784126,4
3.21152769390266,-209.58829237437,-4718592,4
3.22653483265922,-139.259504350775,-3997693,4
3.24154197141577,-71.5491479217332,-3145726,4
3.25654911017232,-3.01120166792734,-2883582,4
3.27155624892888,61.7727290699321,-2359293,4
3.28656338768543,117.223536308897,-2031615,4
3.30157052644199,162.75765456632,-2097151,4
3.31657766519854,197.361571463019,-2097151,4
3.3315848039551,223.740056735389,-2490365,4
3.34659194271165,250.158896022072,-2097152,4
3.36159908146821,276.669306964402,-2031613,4
3.37660622022476,296.559031657988,-1835008,4
3.39161335898131,309.247231596894,-1769471,4
3.40662049773787,313.525633806861,-1441789,4
3.42162763649442,308.515475721996,-1376256,4
3.43663477525098,298.497665106187,-1179647,4
3.45164191400753,283.424832535557,-1376254,4
3.46664905276409,260.780238698434,-1376254,4
3.48165619152064,233.005243569306,-1310720,4
3.4966633302772,203.865765921831,-1114110,4
3.51167046903375,176.990379012491,-983040,4
3.52667760779031,158.501134118122,-851967,4
3.54168474654686,149.573009572654,-983040,4
3.55669188530341,145.738331602262,-524288,4
3.57169902405997,145.257349210866,-589824,4
3.58670616281652,144.984314478413,131074,4
3.60171330157308,142.998075607676,65539,4
3.61672044032963,141.878737009108,65536,4
3.63172757908619,139.721483391842,131074,4
3.64673471784274,132.643796276887,393216,4
3.6617418565993,120.83548432443,196610,4
3.67674899535585,105.210761133294,131074,4
3.6917561341124,87.4279727511017,1245184,4
3.70676327286896,72.0294604159483,1179650,4
3.72177041162551,59.3286744747565,-3473408,4
3.73677755038207,45.4257591564044,7471106,4
3.75178468913862,29.903102013816,58851328,4
3.76679182789518,12.1597303025846,42270720,4
3.78179896665173,-8.24386470499169,-3014654,4
3.79680610540829,-28.6523782091917,-5570559,4
3.81181324416484,-48.7613915788405,-8454141,4
3.82682038292139,-69.5346302870747,-8257535,4
3.84182752167795,-89.6745849387933,-8060925,4
3.8568346604345,-107.764193588496,-7077888,4
3.87184179919106,-122.146635105151,-6619135,4
3.88684893794761,-129.859282120875,-6160382,4
3.90185607670417,-130.864940989297,-5636096,4
3.91686321546072,-128.072284195387,-4390910,4
3.93187035421728,-123.298220389215,-2949120,4
3.94687749297383,-119.498941566239,-1376256,4
3.96188463173039,-118.732211648421,851971,4
3.97689177048694,-120.5849508169,2031617,4
3.99189890924349,-127.357782448691,2555904,4
4.00690604800005,-142.459912828234,2228227,4
4.0219131867566,-165.361152990578,-262144,4
4.03692032551316,-193.330426784832,-3866621,4
4.05192746426971,-222.09160870106,-5963773,4
4.06693460302627,-243.485285247325,-6684672,4
4.08194174178282,-256.507630811431,-6815741,4
4.09694888053938,-267.785685685761,-6881278,4
4.11195601929593,-265.860891116921,-6815742,4
4.12696315805248,-226.141568633641,-5832702,4
4.14197029680904,-171.701650260993,-5308415,4
4.15697743556559,-154.355517441195,-4653056,4
4.17198457432215,-70.8607212077451,-4325375,4
4.1869917130787,22.3738769704168,-3932158,4
4.20199885183526,54.360138329238,-3735551,4
4.21700599059181,124.514869897971,-4063232,4
4.23201312934837,177.687095335803,-4456448,4
4.24702026810492,213.441934118514,-4194303,4
4.26202740686148,236.09594562837,-3997694,4
4.27703454561803,244.398641113611,-4063232,4
4.29204168437458,242.572767871943,-4784125,4
4.30704882313114,240.227264283542,-4194301,4
4.32205596188769,239.333449384222,-3604479,4
4.33706310064425,234.652281426569,-3801087,4
4.3520702394008,228.296193661649,-3473406,4
4.36707737815736,222.832121998074,-3407871,4
4.38208451691391,217.786012763126,-3080190,4
4.39709165567047,214.907129471621,-3014656,4
4.41209879442702,212.110013853538,-2883582,4
4.42710593318358,202.995900989048,-2752511,4
4.44211307194013,187.995770001111,-2949119,4
4.45712021069668,172.126126056423,-2752512,4
4.47212734945324,156.665717556,-2555901,4
4.48713448820979,144.230628561431,-2162686,4
4.50214162696635,135.867695018963,-1245181,4
4.5171487657229,127.932324788854,-917503,4
4.53215590447946,120.481090984049,-1179645,4
4.54716304323601,114.890269813621,-1441790,4
4.56217018199257,109.970797444022,-1769472,4
4.57717732074912,105.201992955491,-1900542,4
4.59218445950567,99.1211787465776,-1835007,4
4.60719159826223,88.4032490800021,-589821,4
4.62219873701878,72.8329308311022,-2031614,4
4.63720587577534,54.6825720592186,-6029309,4
4.65221301453189,34.9216359379249,55967744,4
4.66722015328845,15.5564013109509,40108033,4
4.682227292045,-2.66674007357035,-4587519,4
4.69723443080156,-21.7047541327113,-5505023,4
4.71224156955811,-41.1712346628202,-8191997,4
4.72724870831466,-59.9958180970966,-8257533,4
4.74225584707122,-78.371742294797,-7733248,4
4.75726298582777,-95.8284122979527,-7208957,4
4.77227012458433,-112.682070312252,-6619134,4
4.78727726334088,-130.426825870643,-5898239,4
4.80228440209744,-148.842785293026,-4784125,4
4.81729154085399,-166.594365898047,-3473408,4
4.83229867961055,-183.23042673294,-2818046,4
4.8473058183671,-197.922983619772,-1245184,4
4.86231295712365,-210.577422624059,1048578,4
4.87732009588021,-222.594734088789,1966083,4
4.89232723463676,-234.50197940704,2686977,4
4.90733437339332,-246.760788678992,2752513,4
4.92234151214987,-260.214304552777,262147,4
4.93734865090643,-275.162116882881,-2490368,4
4.95235578966298,-292.589282768671,-4653055,4
4.96736292841954,-314.072089496918,-5046269,4
4.98237006717609,-338.903598428164,-5373950,4
4.99737720593265,-364.432187954291,-5177342,4
5.0123843446892,-388.090155115065,-4784125,4
5.02739148344575,-405.917952066938,-4718592,4
5.04239862220231,-414.997601279525,-4194303,4
5.05740576095886,-414.260492487961,-3604479,4
5.07241289971542,-400.132730509032,-3407872,4
5.08742003847197,-368.094816090972,-3080190,4
5.10242717722853,-318.315583228384,-3080189,4
5.11743431598508,-254.370285884284,-3407869,4
5.13244145474164,-180.424236352779,-2752509,4
5.14744859349819,-104.051619825885,-2686974,4
5.16245573225474,-29.4928230866266,-3407871,4
5.1774628710113,43.5365938027708,-2949118,4
5.19247000976785,109.738481712744,-2883583,4
5.20747714852441,162.217976743818,-2883582,4
5.22248428728096,200.000125179336,-2752510,4
5.23749142603752,224.630725344416,-2621438,4
5.25249856479407,239.271132410377,-2621438,4
5.26750570355063,251.922435505981,-2555902,4
5.28251284230718,264.158638466789,-2031613,4
5.29751998106374,270.629988167249,-1835007,4
5.31252711982029,272.817925226972,-1835005,4
5.32753425857684,272.915333653491,-1703934,4
5.3425413973334,270.498994538079,-1638400,4
5.35754853608995,267.586822721038,-1507326,4
5.37255567484651,262.841691243498,-1441790,4
5.38756281360306,251.222264377402,-1507327,4
5.40256995235962,233.950656237921,-1310718,4
5.41757709111617,216.331481889608,-1114111,4
5.43258422987273,200.763039845005,-1114111,4
5.44759136862928,191.197021427576,-1179645,4
5.46259850738583,188.795946366112,-983039,4
5.47760564614239,189.201097432081,458754,4
5.49261278489894,191.507863324752,2,4
5.5076199236555,195.156762531585,-458750,4
5.52262706241205,198.224503569699,-327677,4
5.53763420116861,200.929431378258,-720895,4
5.55264133992516,200.985704541779,-851968,4
5.56764847868172,193.940304267073,-786430,4
5.58265561743827,179.683371782967,2,4
5.59766275619483,160.754154599196,-1048574,4
5.61266989495138,139.035206760825,-6488064,4
5.62767703370793,118.634265695387,21233666,4
5.64268417246449,100.75688633017,60555267,4
5.65769131122104,82.4232127347061,17694722,4
5.6726984499776,64.4110608917938,-6094845,4
5.68770558873415,48.1629957005388,-6422528,4
5.70271272749071,33.2431399592382,-7929856,4
5.71771986624726,20.2961285708311,-7995391,4
5.73272700500382,8.27920882562178,-7077888,4
5.74773414376037,-5.98491870070279,-6750208,4
5.76274128251693,-22.6724715127528,-6619136,4
5.77774842127348,-40.0488066638026,-5832701,4
5.79275556003003,-58.1182710867732,-4718592,4
5.80776269878659,-76.3534355882513,-3670014,4
5.82276983754314,-94.3041139724628,-2228224,4
5.8377769762997,-112.879769193498,-786432,4
5.85278411505625,-131.42930751599,1179648,4
5.86779125381281,-148.35471460014,2228224,4
5.88279839256936,-163.385987004187,2359296,4
5.89780553132591,-176.477287849889,1966082,4
5.91281267008247,-187.196038111592,-327678,4
5.92781980883902,-195.543951241645,-3407870,4
5.94282694759558,-201.233483563779,-4784127,4
5.95783408635213,-203.529129729385,-5177343,4
5.97284122510869,-202.301545190948,-5373952,4
5.98784836386524,-197.6828329715,-5308415,4
6.0028555026218,-189.780786486947,-4849664,4
6.01786264137835,-179.09151942067,-4194302,4
6.0328697801349,-166.343757521812,-3866624,4
6.04787691889146,-152.497942036785,-3604479,4
6.06288405764801,-136.423963760404,-3407872,4
6.07789119640457,-114.63323681458,-3276800,4
6.09289833516112,-85.8156179015703,-3473408,4
6.10790547391768,-49.5494838811708,-3407872,4
6.12291261267423,-5.24505014801948,-3538941,4
6.13791975143079,45.6921626926707,-3538944,4
6.15292689018734,83.1122506634262,-3342336,4
6.1679340289439,66.0997049361912,-3211261,4
6.18294116770045,52.482237479013,-3145725,4
6.197948306457,60.0707095801029,-3211262,4
6.21295544521356,41.5831861539167,-3145726,4
6.22796258397011,95.2313761269312,-2490368,4
6.24296972272667,138.625634776891,-2752510,4
6.25797686148322,38.3343949800394,-2555904,4
6.27298400023978,-134.458291995758,-2228222,4
6.28799113899633,-146.030136484515,-2228221,4
6.30299827775289,-14.9262415929577,-1835008,4
6.31800541650944,117.043875722821,-1900544,4
6.333012555266,98.9490534602678,-2097151,4
6.34801969402255,63.9256174850909,-1638398,4
6.3630268327791,151.643252135279,-1703933,4
6.37803397153566,173.182232015463,-1966080,4
6.39304111029221,146.176839753394,-1507327,4
6.40804824904877,183.138577694237,-1114110,4
6.42305538780532,203.825242226615,-1441792,4
6.43806252656188,217.360621177803,-1179647,4
6.45306966531843,219.897187550439,-917504,4
6.46807680407499,217.752021771665,-65536,4
6.48308394283154,208.457760899041,-196608,4
6.49809108158809,193.359972503985,-327680,4
6.51309822034465,174.736541036415,-393214,4
6.5281053591012,151.830473301329,-720894,4
6.54311249785776,120.109837207235,-131070,4
6.55811963661431,68.7463812658885,-327679,4
6.57312677537087,6.03330890786672,-65535,4
6.58813391412742,-41.2547781263938,655361,4
6.60314105288398,-98.0045392224087,-4259839,4
6.61814819164053,-230.969766755857,11730947,4
6.63315533039708,-253.738277593275,58916864,4
6.64816246915364,-138.67966283986,-3080191,4
6.66316960791019,-122.784782027569,-4784127,4
6.67817674666675,-179.001161917283,-6815742,4
6.6931838854233,-191.320758695336,-6488063,4
6.70819102417986,-164.371743484482,-6488064,4
6.72319816293641,-79.6072761595946,-5570560,4
6.73820530169297,-52.0322763596729,-5373951,4
6.75321244044952,-77.7139814913825,-3735551,4
6.76821957920607,-83.2988474366514,-196608,4
6.78322671796263,-95.5232866671753,1638401,4
6.79823385671918,-136.124131922043,3080194,4
6.81324099547574,-183.755354330715,3801090,4
6.82824813423229,-218.337528020516,3997698,4
6.84325527298885,-242.587441417933,2424835,4
6.8582624117454,-268.215706310185,-196608,4
6.87326955050196,-280.118241069079,-3014654,4
6.88827668925851,-248.509023017634,-4521981,4
6.90328382801507,-199.96923368468,-4915200,4
6.91829096677162,-204.113990542897,-4980733,4
6.93329810552817,-140.900904102358,-4784128,4
6.94830524428473,-10.7004136725311,-4390911,4
6.96331238304128,6.39047878756055,-3473405,4
6.97831952179784,28.3402742396053,-3538941,4
6.99332666055439,115.013188104235,-3145726,4
7.00833379931095,160.531972263693,-2490368,4
7.0233409380675,175.217859814405,-2752512,4
7.03834807682406,166.064200256464,-2621439,4
7.05335521558061,138.799956926182,-2752509,4
7.06836235433716,94.6898303039674,-2818046,4
7.08336949309372,15.1136419655307,-2818046,4
7.09837663185027,-60.0433637361882,-3080192,4
7.11338377060683,-43.504789326277,-2949119,4
7.12839090936338,141.460253344007,-2752511,4
7.14339804811994,302.392060168015,-2424829,4
7.15840518687649,200.689268860588,-2424831,4
7.17341232563305,13.4516761304643,-2162687,4
7.1884194643896,26.4066932661049,-2097149,4
7.20342660314616,232.401364330265,-1900543,4
7.21843374190271,301.330962630464,-1572864,4
7.23344088065926,203.496427256068,-1900543,4
7.24844801941582,137.033785303894,-1835006,4
7.26345515817237,214.675323788246,-1310718,4
7.27846229692893,192.105953671896,-1638397,4
7.29346943568548,128.890646456365,-1245184,4
7.30847657444204,125.891115070092,-1441791,4
7.32348371319859,108.491352507251,-393213,4
7.33849085195515,73.391421722939,-720893,4
7.3534979907117,60.6065770809906,-458751,4
7.36850512946826,55.550457883453,-655358,4
7.38351226822481,29.5345918843889,-786429,4
7.39851940698136,26.2476189598878,-1179645,4
7.41352654573792,18.539267694399,2,4
7.42853368449447,8.57974418708306,-2031615,4
7.44354082325103,-4.25568669128659,-4521984,4
7.45854796200758,-16.1704343975581,33095683,4
7.47355510076414,-33.1152323766165,60882947,4
7.48856223952069,-49.4621786630886,12320770,4
7.50356937827725,-67.9979360597251,-6881277,4
7.5185765170338,-89.1326475347489,-8323072,4
7.53358365579035,-112.141228528143,-8650749,4
7.54859079454691,-134.720063069202,-8126462,4
7.56359793330346,-156.961624827963,-6946814,4
7.57860507206002,-180.036709346032,-6488061,4
7.59361221081657,-204.13903537815,-5308416,4
7.60861934957313,-230.106696979251,-3801086,4
7.62362648832968,-257.564388205905,-2818045,4
7.63863362708624,-284.133366420226,-851965,4
7.65364076584279,-308.649414156881,2228226,4
7.66864790459935,-329.986324066855,1769473,4
7.6836550433559,-346.236761193103,-65536,4
7.69866218211245,-355.934878770194,-3211261,4
7.71366932086901,-356.3021927244,-5505021,4
7.72867645962556,-343.186464789368,-6750207,4
7.74368359838212,-317.556296733919,-7012352,4
7.75869073713867,-285.122737970565,-6619134,4
7.77369787589523,-243.315603545139,-6160384,4
7.78870501465178,-184.078737549228,-5636094,4
7.80371215340834,-122.206219464647,-4849662,4
7.81871929216489,-90.8837556716196,-4390910,4
7.83372643092144,-36.2041393068778,-3604480,4
7.848733569678,75.2396527760173,-3866621,4
7.86374070843455,114.448598383037,-4128768,4
7.87874784719111,138.341054346962,-4194303,4
7.89375498594766,217.651268684251,-3997695,4
7.90876212470422,264.233908297761,-3866621,4
7.92376926346077,301.705863228859,-3670015,4
7.93877640221733,341.414190603397,-3670015,4
7.95378354097388,360.438779238022,-3801085,4
7.96879067973043,365.875675342407,-3407869,4
7.98379781848699,355.117758734169,-2949120,4
7.99880495724354,331.567025056012,-2883583,4
8.0138120960001,298.8471006672,-2555903,4
8.02881923475665,261.125023936107,-2555903,4
8.04382637351321,222.605420343527,-2555904,4
8.05883351226976,185.496025537328,-2686975,4
8.07384065102632,155.840448938454,-2555904,4
8.08884778978287,142.161968745694,-2228223,4
8.10385492853942,145.195569430185,-2162685,4
8.11886206729598,159.695730279164,-1703934,4
8.13386920605253,180.799536936488,-1114109,4
8.14887634480909,198.857632962255,-1179647,4
8.16388348356564,209.271656914666,-917504,4
8.1788906223222,215.068574016005,-1638400,4
8.19389776107875,210.578120810784,-1376253,4
8.20890489983531,187.487160368144,-1638398,4
8.22391203859186,147.92683904108,-1507326,4
8.23891917734841,98.9521056538926,-589824,4
8.25392631610497,45.5992565432887,-1245182,4
8.26893345486153,-3.87560606602648,-6094845,4
8.28394059361808,-40.7332591518773,16842752,4
8.29894773237463,-58.6872217687365,24379393,4
8.31395487113119,-79.1304236148666,-6684669,4
8.32896200988774,-156.395400605582,-6160383,4
8.3439691486443,-161.137097477892,-8454141,4
8.35897628740085,-79.7430360930999,-8519678,4
8.3739834261574,-97.9854540222437,-7143423,4
8.38899056491396,-122.26088520709,-6946813,4
8.40399770367051,-80.7584867587681,-6750205,4
8.41900484242707,-84.8847955068376,-5898238,4
8.43401198118362,-87.9446769216658,-4915200,4
8.44901911994018,-87.0021609529249,-4128768,4
8.46402625869673,-98.9167977787533,-2555901,4
8.47903339745329,-115.082274537872,-655358,4
8.49404053620984,-135.926783756248,1114114,4
8.5090476749664,-155.905397881972,2162690,4
8.52405481372295,-174.003369295721,3014657,4
8.53906195247951,-193.481287807098,2097153,4
8.55406909123606,-214.15424213068,-131071,4
8.56907622999261,-236.562251565753,-3276797,4
8.58408336874917,-260.319535632248,-4456448,4
8.59909050750572,-281.457493509837,-5177343,4
8.61409764626228,-298.925045798984,-5373951,4
8.62910478501883,-312.974947562225,-5439487,4
8.64411192377539,-320.720064969479,-5308414,4
8.65911906253194,-318.586628376878,-4718592,4
8.6741262012885,-302.738764961726,-4456445,4
8.68913334004505,-267.564341620305,-4194304,4
8.7041404788016,-212.992545590031,-3801087,4
8.71914761755816,-144.972496168929,-3604477,4
8.73415475631471,-67.8261488792176,-3538944,4
8.74916189507127,11.6062187682523,-3670016,4
8.76416903382782,88.0312188202324,-3801088,4
8.77917617258438,160.731125649909,-3735552,4
8.79418331134093,223.105188529285,-3538944,4
8.80919045009749,265.869376722255,-3801087,4
8.82419758885404,288.014525858627,-3080191,4
8.8392047276106,293.331561948235,-2818048,4
8.85421186636715,286.333547173492,-3145725,4
8.8692190051237,277.257208059409,-2818045,4
8.88422614388026,269.277495361898,-2752510,4
8.89923328263681,256.785147032652,-1900544,4
8.91424042139337,243.10579981501,-1703933,4
8.92924756014992,233.176927594108,-1966078,4
8.94425469890648,226.684698741119,-1835006,4
8.95926183766303,224.487841711864,-2031613,4
8.97426897641959,223.738702182949,-2490367,4
8.98927611517614,216.021283589924,-1638400,4
9.00428325393269,201.428579838012,-1638397,4
9.01929039268925,186.763920498952,-1048576,4
9.0342975314458,173.201282684671,-1835006,4
9.04930467020236,163.024817797018,-1179648,4
9.06431180895891,157.457630323279,-524285,4
9.07931894771547,152.021618842351,-720894,4
9.09432608647202,146.855629104882,-1114112,4
9.10933322522858,144.253330729241,-1114110,4
9.12434036398513,142.523453623526,-1179645,4
9.13934750274168,139.980093478182,-1703936,4
9.15435464149824,134.375876216518,-1245184,4
9.16936178025479,121.084624480693,-196608,4
9.18436891901135,99.8417865732416,-4325376,4
9.1993760577679,74.5631780297816,-917501,4
9.21438319652446,47.1271886949034,47972352,4
9.22939033528101,20.7934880082703,46465026,4
9.24439747403757,-2.56218160335229,-2097149,4
9.25940461279412,-24.848561768088,-5177343,4
9.27441175155068,-44.3855463212476,-8191997,4
9.28941889030723,-58.1490933906273,-7929856,4
9.30442602906378,-66.5312682642563,-7471101,4
9.31943316782034,-70.6416227923708,-7274496,4
9.33444030657689,-72.5169120676801,-7012349,4
9.34944744533345,-76.8149219066824,-6225920,4
9.36445458409,-85.3756969650628,-5570558,4
9.37946172284656,-97.3535310605761,-4718592,4
9.39446886160311,-115.239655915663,-3342335,4
9.40947600035966,-142.139708885607,-1638397,4
9.42448313911622,-176.386242963852,65536,4
9.43949027787278,-213.383809116284,1507328,4
9.45449741662933,-251.686958915199,2293762,4
9.46950455538588,-290.817455935036,2883584,4
9.48451169414244,-323.417321862129,1245186,4
9.49951883289899,-337.701628212027,-1703934,4
9.51452597165555,-353.104003815292,-3014653,4
9.5295331104121,-419.600039553028,-4784127,4
9.54454024916866,-414.784528166762,-5636095,4
9.55954738792521,-335.819012036375,-5242878,4
9.57455452668176,-363.406992815707,-5046269,4
9.58956166543832,-378.322760709639,-4653055,4
9.60456880419487,-305.430971838232,-4128768,4
9.61957594295143,-277.225625424097,-3866622,4
9.63458308170798,-245.918448016285,-3014653,4
9.64959022046454,-188.570460280811,-3014653,4
9.66459735922109,-131.183887557274,-2621438,4
9.67960449797765,-68.6361691933899,-2818048,4
9.6946116367342,-3.38553707224919,-2949118,4
9.70961877549076,63.8565303738145,-2883584,4
9.72462591424731,129.834375860078,-2949117,4
9.73963305300386,190.484010719932,-2686975,4
9.75464019176042,241.295916108234,-2621439,4
9.76964733051697,276.153428277257,-2621439,4
9.78465446927353,293.758029809332,-2883581,4
9.79966160803008,298.081309880465,-2490366,4
9.81466874678664,291.623350880468,-2555901,4
9.82967588554319,279.104883085092,-2293757,4
9.84468302429974,263.363787672485,-1966078,4
9.8596901630563,242.651242596041,-1769472,4
9.87469730181285,220.497777808663,-2097149,4
9.88970444056941,202.58683680436,-1966077,4
9.90471157932596,189.459836705431,-1703935,4
9.91971871808252,180.049871942421,-1572863,4
9.93472585683907,172.403849267783,-1114111,4
9.94973299559563,160.810967265979,-1376255,4
9.96474013435218,145.293328795584,-1048573,4
9.97974727310874,131.960490343222,-1048575,4
9.99475441186529,121.869209183229,-1179647,4
10.0097615506218,116.110863362612,-524288,4
10.0247686893784,115.290141603039,-65534,4
10.039775828135,115.191975392735,262145,4
10.0547829668915,114.794285174397,393218,4
10.0697901056481,114.610216843301,-131070,4
10.0847972444046,112.285701659265,-393216,4
10.0998043831612,105.809732948795,-65533,4
10.1148115219177,93.5598495579038,-524287,4
10.1298186606743,73.3183166038021,1048579,4
10.1448257994308,40.3959592532412,-65534,4
10.1598329381874,-12.6091570372782,-5046269,4
10.1748400769439,-73.8900446023777,24641537,4
10.1898472157005,-112.015893179703,60882947,4
10.2048543544571,-152.942240978442,19267587,4
10.2198614932136,-272.495239553866,-4784128,4
10.2348686319702,-293.715791394956,-5832701,4
10.2498757707267,-202.14169188614,-7143423,4
10.2648829094833,-212.302334167005,-7077887,4
10.2798900482398,-258.470575012879,-6750207,4
10.2948971869964,-247.106005135348,-6225920,4
10.3099043257529,-231.327213218207,-5636093,4
10.3249114645095,-182.927402518168,-5111807,4
10.339918603266,-163.68391080769,-4587519,4
10.3549257420226,-179.973936924393,-3342336,4
10.3699328807792,-183.16787161403,-1703933,4
10.3849400195357,-189.842798261101,196608,4
10.3999471582923,-214.726529495835,1966080,4
10.4149542970488,-244.600470924228,2818050,4
10.4299614358054,-266.450973649601,3014656,4
10.4449685745619,-280.484975335822,3014659,4
10.4599757133185,-290.373915837028,1245187,4
10.474982852075,-292.644017186228,-1572863,4
10.4899899908316,-284.363832240582,-3670014,4
10.5049971295881,-265.750984842038,-5111808,4
10.5200042683447,-235.621116650856,-5111805,4
10.5350114071013,-196.638139549711,-5308416,4
10.5500185458578,-155.977889763763,-4849661,4
10.5650256846144,-114.355262307488,-4521983,4
10.5800328233709,-67.9022612045718,-3604479,4
10.5950399621275,-17.1942115130674,-3211263,4
10.610047100884,37.8919768142051,-3014654,4
10.6250542396406,96.8502565237972,-2490368,4
10.6400613783971,155.210863148581,-2686974,4
10.6550685171537,211.775420715565,-3014656,4
10.6700756559102,267.042772090959,-2752512,4
10.6850827946668,317.7380098606,-3211262,4
10.7000899334234,359.553343929438,-2818048,4
10.7150970721799,388.16604721407,-2752512,4
10.7301042109365,397.299186183845,-2555904,4
10.745111349693,386.295912701479,-2555904,4
10.7601184884496,360.804280930631,-2490365,4
10.7751256272061,324.512935994229,-2424829,4
10.7901327659627,283.475304812467,-2359296,4
10.8051399047192,242.352063317516,-2031614,4
10.8201470434758,201.149142414536,-1966080,4
10.8351541822323,165.744073451814,-2031614,4
10.8501613209889,144.769634841212,-1638397,4
10.8651684597455,138.858640698223,-1441792,4
10.880175598502,144.194401964108,-1376255,4
10.8951827372586,156.325541845502,-1441789,4
10.9101898760151,165.334837516225,-1441792,4
10.9251970147717,168.241164775673,-655359,4
10.9402041535282,170.605680518557,-131071,4
10.9552112922848,169.541116569114,-851965,4
10.9702184310413,160.782738262695,-655357,4
10.9852255697979,145.084412769019,-720893,4
11.0002327085544,122.061292500958,-1048573,4
11.015239847311,95.0695795296114,-1179647,4
11.0302469860676,72.8937863870823,-1376253,4
11.0452541248241,56.4196105351367,-65533,4
11.0602612635807,40.4484748965173,-2686974,4
11.0752684023372,25.2178809538976,-3014656,4
11.0902755410938,10.06472851687,40042499,4
11.1052826798503,-5.78933073270756,57606144,4
11.1202898186069,-19.0328425023048,6815745,4
11.1352969573634,-30.5997575286329,-6291456,4
11.15030409612,-44.1536048199091,-7733245,4
11.1653112348765,-59.0777673251127,-8388606,4
11.1803183736331,-73.659178109407,-8257535,4
11.1953255123897,-87.1492713828513,-7602176,4
11.2103326511462,-97.1870672783054,-6946816,4
11.2253397899028,-103.594878934381,-6422525,4
11.2403469286593,-109.072863697912,-5963773,4
11.2553540674159,-114.194081238415,-5046272,4
11.2703612061724,-119.464268322118,-3735549,4
11.285368344929,-125.775892831714,-2097149,4
11.3003754836855,-132.505494152678,65537,4
11.3153826224421,-140.284913844118,2097154,4
11.3303897611986,-150.61578658977,2424835,4
11.3453968999552,-163.639946832518,2818050,4
11.3604040387117,-179.225132872444,2686978,4
11.3754111774683,-197.365160763385,196611,4
11.3904183162249,-217.428208722528,-2752510,4
11.4054254549814,-236.523090151274,-5111806,4
11.420432593738,-249.338697614143,-5832702,4
11.4354397324945,-254.053468162249,-5898239,4
11.4504468712511,-251.610011955352,-5767168,4
11.4654540100076,-237.961797856135,-5373949,4
11.4804611487642,-206.90460369137,-4718591,4
11.4954682875207,-183.105451558441,-3866623,4
11.5104754262773,-221.637590421548,-3538942,4
11.5254825650339,-191.790366643837,-3473406,4
11.5404897037904,-71.0669049861563,-2752510,4
11.555496842547,-52.298888216776,-2818047,4
11.5705039813035,-29.5163301159189,-3080191,4
11.5855111200601,70.299912625423,-3211262,4
11.6005182588166,123.620721686823,-3670016,4
11.6155253975732,195.123683615273,-3211261,4
11.6305325363297,260.491747233423,-3080189,4
11.6455396750863,308.831123328529,-3538941,4
11.6605468138428,344.854901222386,-2686973,4
11.6755539525994,357.907701635448,-2752509,4
11.6905610913559,337.51498891631,-2555903,4
11.7055682301125,285.113697752823,-2490365,4
11.7205753688691,210.450549346525,-2293758,4
11.7355825076256,120.974148511509,-2162686,4
11.7505896463822,28.7209754856804,-1769472,4
11.7655967851387,-54.0137040031639,-1507328,4
11.7806039238953,-119.163497712564,-1572862,4
11.7956110626518,-171.715900292664,-1245182,4
11.8106182014084,-183.940053158055,-1376253,4
11.8256253401649,-155.539438460256,-1441790,4
11.8406324789215,-95.7790050037162,-1114112,4
11.855639617678,-19.6217152696389,-327680,4
11.8706467564346,49.0962260801206,-65536,4
11.8856538951912,112.471792493531,-458752,4
11.9006610339477,164.945878526216,-393213,4
11.9156681727043,204.089350569308,-589821,4
11.9306753114608,214.122975936134,-589823,4
11.9456824502174,195.898639562922,-720895,4
11.9606895889739,151.92814154343,-851966,4
11.9756967277305,92.0328377425332,3,4
11.990703866487,39.547478962333,-1310717,4
12.0057110052436,-0.578544632913194,47120386,4
12.0207181440001,-40.0070698619761,49217539,4
12.0357252827567,-74.2117639479021,-327680,4
12.0507324215133,-98.6330783117308,-5767165,4
12.0657395602698,-114.616164942047,-8585216,4
12.0807466990264,-117.62467161686,-8388608,4
12.0957538377829,-112.891585858895,-8519679,4
12.1107609765395,-115.531428242649,-7995390,4
12.125768115296,-125.933990983616,-7077887,4
12.1407752540526,-135.61555148212,-6619133,4
12.1557823928091,-144.208739191026,-5898238,4
12.1707895315657,-148.55476505289,-5111807,4
12.1857966703222,-147.481863921247,-3670016,4
12.2008038090788,-147.933681286584,-2228224,4
12.2158109478354,-149.184733052143,-196606,4
12.2308180865919,-146.808819066824,2031619,4
12.2458252253485,-142.981272262477,2424834,4
12.260832364105,-140.51115302556,1769475,4
12.2758395028616,-142.049203150329,-3276797,4
12.2908466416181,-153.49790476624,-4915198,4
12.3058537803747,-174.76010547508,-5701629,4
12.3208609191312,-199.400651942848,-5701632,4
12.3358680578878,-224.259953839722,-5242877,4
12.3508751966443,-244.629263780912,-4718591,4
12.3658823354009,-256.336990603226,-4390912,4
12.3808894741575,-259.408290925644,-3997693,4
12.395896612914,-249.09408609859,-3604478,4
12.4109037516706,-218.151638603963,-3473407,4
12.4259108904271,-166.896526675107,-3276798,4
12.4409180291837,-100.189924590023,-3080190,4
12.4559251679402,-23.2972509856592,-3211261,4
12.4709323066968,53.5622370149833,-3670016,4
12.4859394454533,125.769894673345,-4194304,4
12.5009465842099,196.006172947763,-3801088,4
12.5159537229664,259.204195621395,-4063229,4
12.530960861723,308.669758285177,-3932159,4
12.5459680004796,342.956270595241,-3670016,4
12.5609751392361,360.492557307746,-3407872,4
12.5759822779927,362.50682621173,-3407872,4
12.5909894167492,355.211736559679,-3407870,4
12.6059965555058,342.205945760943,-3407870,4
12.6210036942623,325.943811838877,-3538942,4
12.6360108330189,309.02967408743,-3145727,4
12.6510179717754,290.498983866956,-3211261,4
12.666025110532,274.471408709267,-2752509,4
12.6810322492885,269.675195284644,-2228223,4
12.6960393880451,238.723133987516,-2228221,4
12.7110465268017,98.404428127299,-2162685,4
12.7260536655582,39.7574893297383,-2424831,4
12.7410608043148,100.545892684173,-1966078,4
12.7560679430713,78.2759465579912,-1900544,4
12.7710750818279,34.1413362305723,-1703935,4
12.7860822205844,47.9202967332289,-1572863,4
12.801089359341,56.1530455566494,-786431,4
12.8160964980975,104.240454657123,-851968,4
12.8311036368541,140.254505426649,-983040,4
12.8461107756106,162.410606521889,-1376253,4
12.8611179143672,191.953526189534,-1507325,4
12.8761250531238,213.401063428662,-1310719,4
12.8911321918803,214.079211454272,-1507326,4
12.9061393306369,196.600185140045,-589824,4
12.9211464693934,165.703478525832,-1245182,4
12.93615360815,126.06940185647,-6815743,4
12.9511607469065,89.1971940255785,19660800,4
12.9661678856631,58.7324054621581,60555266,4
12.9811750244196,28.594887029533,18546690,4
12.9961821631762,2.20227723955002,-2031613,4
13.0111893019327,-15.4913208132087,-5570558,4
13.0261964406893,-25.6122652788436,-8519679,4
13.0412035794459,-28.4679667005075,-8388606,4
13.0562107182024,-28.6128161375487,-7733245,4
13.071217856959,-36.9941271498875,-7143422,4
13.0862249957155,-54.637990959632,-6815741,4
13.1012321344721,-74.4233714870987,-6160381,4
13.1162392732286,-94.5313148269883,-5308416,4
13.1312464119852,-110.348985618048,-4325373,4
13.1462535507417,-126.175498586982,-2949117,4
13.1612606894983,-160.712074032255,-983038,4
13.1762678282548,-205.419670240414,786432,4
13.1912749670114,-230.745572920794,3276800,4
13.206282105768,-264.408992792849,2818050,4
13.2212892445245,-375.728001028866,1048579,4
13.2362963832811,-374.460210170057,-1179648,4
13.2513035220376,-230.729573822553,-3866622,4
13.2663106607942,-195.429047199773,-5111805,4
13.2813177995507,-250.6456746654,-5636093,4
13.2963249383073,-267.747192115244,-5373950,4
13.3113320770638,-257.912450469535,-5373952,4
13.3263392158204,-214.234810918239,-4849663,4
13.3413463545769,-194.550063955321,-4194301,4
13.3563534933335,-182.302746527116,-3670015,4
13.3713606320901,-58.3972799456552,-3473405,4
13.3863677708466,93.5754710673509,-3473405,4
13.4013749096032,83.7733679711955,-2949118,4
13.4163820483597,-17.6669240180242,-2818048,4
13.4313891871163,26.4302251174666,-3145725,4
13.4463963258728,175.827594434337,-3342333,4
13.4614034646294,275.713252582284,-3145725,4
13.4764106033859,245.048751977161,-3604480,4
13.4914177421425,228.977864398555,-3080190,4
13.506424880899,313.095732688213,-3211263,4
13.5214320196556,330.043147695017,-3080191,4
13.5364391584121,311.45383017223,-2883584,4
13.5514462971687,326.913631730192,-3014656,4
13.5664534359253,324.190320675946,-2555904,4
13.5814605746818,317.249109737912,-2555901,4
13.5964677134384,307.257470617718,-2752509,4
13.6114748521949,296.680032865551,-1966079,4
13.6264819909515,286.036389980183,-1835005,4
13.641489129708,275.151333997795,-1900542,4
13.6564962684646,263.949421516442,-1507327,4
13.6715034072211,251.109817256183,-1769472,4
13.6865105459777,234.977513018365,-983038,4
13.7015176847342,213.717117172119,-720895,4
13.7165248234908,183.328186660245,-720895,4
13.7315319622474,137.99367167293,-327679,4
13.7465391010039,82.2259912313078,-458750,4
13.7615462397605,31.0222013204384,-655360,4
13.776553378517,-4.16895698075902,-262143,4
13.7915605172736,-8.58693927687489,-655359,4
13.8065676560301,10.9849160292324,-524287,4
13.8215747947867,18.3822864594099,2,4
13.8365819335432,-34.7312408969346,327681,4
13.8515890722998,-218.952749155629,-3801086,4
13.8665962110563,-406.674133296402,8454147,4
13.8816033498129,-456.978461509543,56754178,4
13.8966104885695,-364.182030736767,11403267,4
13.911617627326,-309.223086314712,-6946814,4
13.9266247660826,-337.315819506491,-7667710,4
13.9416319048391,-520.364695371179,-8126463,4
13.9566390435957,-640.998952472586,-6750208,4
13.9716461823522,-606.713476343265,-6094847,4
13.9866533211088,-515.838612366378,-5373950,4
14.0016604598653,-466.623242012279,-4718592,4
14.0166675986219,-504.329425526527,-3735549,4
14.0316747373784,-468.140199265335,-2621438,4
14.046681876135,-410.669320007993,-786431,4
14.0616890148916,-383.655276144079,1245186,4
14.0766961536481,-365.176689637799,1966082,4
14.0917032924047,-352.388396960534,2949122,4
14.1067104311612,-354.695268820084,3145730,4
14.1217175699178,-368.105477543154,1966080,4
14.1367247086743,-385.250936299369,-393214,4
14.1517318474309,-395.279120738907,-3276798,4
14.1667389861874,-393.771675437455,-5308413,4
14.181746124944,-383.863255959296,-5636093,4
14.1967532637005,-360.392352312547,-5111808,4
14.2117604024571,-316.726419087935,-4784128,4
14.2267675412137,-254.178481348783,-4587519,4
14.2417746799702,-176.528431546314,-4128766,4
14.2567818187268,-91.1946060530748,-3801087,4
14.2717889574833,-12.9673561631755,-3145725,4
14.2867960962399,52.3884796639681,-2752511,4
14.3018032349964,107.867499894194,-2818048,4
14.316810373753,146.939263842555,-2883583,4
14.3318175125095,162.104770538351,-2686973,4
14.3468246512661,153.522837885116,-3014656,4
14.3618317900226,122.793346875548,-2752511,4
14.3768389287792,76.3026552082559,-2818048,4
14.3918460675358,28.4229156635842,-2490365,4
14.4068532062923,-16.5208241426502,-2228222,4
14.4218603450489,-63.1768637181451,-2097150,4
14.4368674838054,-106.400598897038,-1900544,4
14.451874622562,-140.410650864985,-2031616,4
14.4668817613185,-165.299133893042,-1966080,4
14.4818889000751,-180.525384983112,-1507326,4
14.4968960388316,-190.205041176725,-1310719,4
14.5119031775882,-205.023963290036,-1638399,4
14.5269103163447,-227.491986550153,-1245183,4
14.5419174551013,-253.846785838731,-917503,4
14.5569245938579,-281.691997630322,-720896,4
14.5719317326144,-302.387563398252,-720895,4
14.586938871371,-324.07566740505,-524287,4
14.6019460101275,-374.650817203892,-458750,4
14.6169531488841,-392.388591829884,-786429,4
14.6319602876406,-412.048645248244,-655357,4
14.6469674263972,-436.706525403028,-655359,4
14.6619745651537,-444.044507530386,65536,4
14.6769817039103,-451.853909696776,-524287,4
14.6919888426668,-456.539110554421,-5242880,4
14.7069959814234,-459.233169655302,22216707,4
14.72200312018,-456.647620101622,63635458,4
14.7370102589365,-449.216834715437,21954563,4
14.7520173976931,-438.908393239207,-5963775,4
14.7670245364496,-425.347503249772,-6356992,4
14.7820316752062,-408.639429860608,-8191999,4
14.7970388139627,-388.777553288384,-8060926,4
14.8120459527193,-364.539513268702,-7340029,4
14.8270530914758,-336.336815933635,-6881279,4
14.8420602302324,-305.889784909856,-6553598,4
14.8570673689889,-273.891507612479,-5439487,4
14.8720745077455,-241.251246152029,-4849662,4
14.8870816465021,-209.685260341799,-3735549,4
14.9020887852586,-180.944322050662,-1966080,4
14.9170959240152,-156.527705165868,-393213,4
14.9321030627717,-137.732542073938,1638402,4
14.9471102015283,-125.401610142807,2752514,4
14.9621173402848,-119.581231229075,2949121,4
14.9771244790414,-107.902671403664,2818051,4
14.9921316177979,-64.1759657336362,1114115,4
15.0071387565545,-13.5474565181886,-1703935,4
15.022145895311,8.8304303642987,-3866622,4
15.0371530340676,95.4207844652965,-5177344,4
15.0521601728242,212.287163307802,-5570560,4
15.0671673115807,345.992022044342,-5308415,4
15.0821744503373,514.427024192622,-4653055,4
15.0971815890938,688.131737938086,-3342336,4
15.1121887278504,-0.651128901923964,-3080191,4
15.1271958666069,-0.651128901923964,-2752510,4
15.1422030053635,-0.651128901923964,-2424832,4
15.15721014412,-0.651128901923964,-2359296,4
15.1722172828766,-0.651128901923964,-2686974,4
15.1872244216331,-0.651128901923964,-2818047,4
15.2022315603897,-0.651128901923964,-2555904,4
15.2172386991463,-0.651128901923964,-3080190,4
15.2322458379028,-0.651128901923964,-3407871,4
15.2472529766594,-0.651128901923964,-3145725,4
15.2622601154159,-0.651128901923964,-3145728,4
15.2772672541725,-0.651128901923964,-2818047,4
15.292274392929,-0.651128901923964,-2621440,4
15.3072815316856,-0.651128901923964,-2818046,4
15.3222886704421,-0.651128901923964,-2621437,4
15.3372958091987,-0.651128901923964,-2686976,4
15.3523029479552,-0.651128901923964,-2621438,4
15.3673100867118,-0.651128901923964,-2424830,4
15.3823172254684,-0.651128901923964,-2031616,4
15.3973243642249,-0.651128901923964,-1638400,4
15.4123315029815,-0.651128901923964,-1900541,4
15.427338641738,-0.651128901923964,-1638399,4
15.4423457804946,-0.651128901923964,-1441789,4
15.4573529192511,-0.651128901923964,-1245182,4
15.4723600580077,-0.651128901923964,-1310718,4
15.4873671967642,-0.651128901923964,-1835007,4
15.5023743355208,-0.651128901923964,-1769471,4
15.5173814742773,-0.651128901923964,-1048573,4
15.5323886130339,-0.651128901923964,-1703935,4
15.5473957517905,-0.651128901923964,-851965,4
15.562402890547,-0.651128901923964,-1507325,4
15.5774100293036,-0.651128901923964,-7077885,4
15.5924171680601,-0.651128901923964,18153474,4
15.6074243068167,-0.651128901923964,60096513,4
15.6224314455732,-0.651128901923964,-7471102,4
15.6374385843298,289.831548252523,-7471102,4
15.6524457230863,-382.182220927643,-9633792,4
15.6674528618429,-0.651128901923964,-9175037,4
15.6824600005994,-0.651128901923964,-8716285,4
15.697467139356,-0.651128901923964,-7536640,4
15.7124742781125,-0.651128901923964,-6946813,4
15.7274814168691,-0.651128901923964,-6291453,4
15.7424885556257,-0.651128901923964,-4325374,4
15.7574956943822,-0.651128901923964,-2686975,4
15.7725028331388,-0.651128901923964,-458752,4
15.7875099718953,-0.651128901923964,1441794,4
15.8025171106519,-0.651128901923964,2883585,4
15.8175242494084,-0.651128901923964,3538947,4
15.832531388165,-0.651128901923964,2883586,4
15.8475385269215,-0.651128901923964,1835009,4
15.8625456656781,-0.651128901923964,-1507326,4
15.8775528044347,-0.651128901923964,-3735549,4
15.8925599431912,-0.651128901923964,-5242878,4
15.9075670819478,-0.651128901923964,-6225917,4
15.9225742207043,-0.651128901923964,-5898240,4
15.9375813594609,-0.651128901923964,-5242880,4
15.9525884982174,-0.651128901923964,-5046269,4
15.967595636974,-0.651128901923964,-4653054,4
15.9826027757305,-0.651128901923964,-4587519,4
15.9976099144871,-0.651128901923964,-4784125,4
16.0126170532436,-0.651128901923964,-3997696,4
16.0276241920002,-0.651128901923964,-4653055,4
16.0426313307568,-0.651128901923964,-4653053,4
16.0576384695133,-0.651128901923964,-4456448,4
16.0726456082699,-0.651128901923964,-4718590,4
16.0876527470264,-0.651128901923964,-4784125,4
16.102659885783,-138.515675912883,-4653056,4
16.1176670245395,559.505693694603,-4390911,4
16.1326741632961,-0.651128901923964,-4259838,4
16.1476813020526,-0.651128901923964,-4063232,4
16.1626884408092,-0.651128901923964,-4128765,4
16.1776955795657,-0.651128901923964,-3801088,4
16.1927027183223,-0.651128901923964,-3932158,4
16.2077098570788,-0.651128901923964,-3407869,4
16.2227169958354,-0.651128901923964,-3276798,4
16.237724134592,-0.651128901923964,-3473406,4
16.2527312733485,-0.651128901923964,-3080189,4
16.2677384121051,-0.651128901923964,-2883584,4
16.2827455508616,-0.651128901923964,-2752509,4
16.2977526896182,-0.651128901923964,-2752512,4
16.3127598283747,-0.651128901923964,-2752511,4
16.3277669671313,-0.651128901923964,-2686974,4
16.3427741058878,-0.651128901923964,-1835006,4
16.3577812446444,-0.651128901923964,-1835008,4
16.3727883834009,-0.651128901923964,-1769471,4
16.3877955221575,-0.651128901923964,-1572864,4
16.4028026609141,-0.651128901923964,-1703934,4
16.4178097996706,-0.651128901923964,-1572864,4
16.4328169384272,-0.651128901923964,-1245183,4
16.4478240771837,-0.651128901923964,-1114112,4
16.4628312159403,-0.651128901923964,-196605,4
16.4778383546968,-0.651128901923964,-262142,4
16.4928454934534,-0.651128901923964,-5767168,4
16.5078526322099,-0.651128901923964,11206659,4
16.5228597709665,-0.651128901923964,59506690,4
16.5378669097231,-0.651128901923964,29491201,4
16.5528740484796,-0.651128901923964,-5505024,4
16.5678811872362,-0.651128901923964,-4849662,4
16.5828883259927,-0.651128901923964,-7208960,4
16.5978954647493,-0.651128901923964,-7012349,4
16.6129026035058,-0.651128901923964,-7012349,4
16.6279097422624,-0.651128901923964,-6815743,4
16.6429168810189,-0.651128901923964,-5767168,4
16.6579240197755,-0.651128901923964,-5242877,4
16.672931158532,-0.651128901923964,-5046270,4
16.6879382972886,-0.651128901923964,-4063230,4
16.7029454360451,-0.651128901923964,-2818047,4
16.7179525748017,748.196504600173,-589824,4
16.7329597135583,649.081107557161,1048579,4
16.7479668523148,558.636116620071,2424833,4
16.7629739910714,474.261131567455,2621441,4
16.7779811298279,394.745689957913,3145729,4
16.7929882685845,315.818465263038,2293761,4
16.807995407341,238.90957528425,-720895,4
16.8230025460976,173.222131359231,-2949117,4
16.8380096848541,122.706821380391,-4915200,4
16.8530168236107,91.3605701890949,-5242877,4
16.8680239623672,80.4608000965348,-5111805,4
16.8830311011238,83.1488711466969,-5177344,4
16.8980382398804,96.2848488275757,-4718592,4
16.9130453786369,116.966026121911,-4653053,4
16.9280525173935,140.354419304219,-3538942,4
16.94305965615,164.507270042106,-3604479,4
16.9580667949066,183.242441200518,-3604478,4
16.9730739336631,186.851663942315,-3735551,4
16.9880810724197,173.980563764102,-3932157,4
17.0030882111762,149.205518222861,-3997696,4
17.0180953499328,116.145684308194,-4128765,4
17.0331024886893,83.1021663425781,-3604479,4
17.0481096274459,52.4391310927165,-3801088,4
17.0631167662025,17.8211906236861,-3932160,4
17.078123904959,-18.8075596859039,-3604478,4
17.0931310437156,-53.7487795966327,-3670015,4
17.1081381824721,-87.4736887963192,-3801085,4
17.1231453212287,-118.287017600184,-2949120,4
17.1381524599852,-147.781162869678,-3080192,4
17.1531595987418,-182.05949303927,-3276799,4
17.1681667374983,-220.053413196921,-3145725,4
17.1831738762549,-255.636817709834,-2686974,4
17.1981810150114,-286.517061219929,-2555904,4
17.213188153768,-308.91674265011,-2162688,4
17.2281952925246,-321.858376302912,-2424830,4
17.2432024312811,-330.610623189354,-2097152,4
17.2582095700377,-336.558216866344,-1966078,4
17.2732167087942,-340.49800629443,-1507328,4
17.2882238475508,-346.062875866243,-1441790,4
17.3032309863073,-355.84011773026,-1572864,4
17.3182381250639,-373.506676984402,-1376255,4
17.3332452638204,-404.152425950968,-851966,4
17.348252402577,-450.541493286787,65538,4
17.3632595413335,-513.712358490553,-4390912,4
17.3782666800901,-576.918702269707,6488064,4
17.3932738188467,-602.219026114196,55443458,4
17.4082809576032,-633.198276462639,38141955,4
17.4232880963598,-718.610787707144,-3145725,4
17.4382952351163,-740.348463980336,-5046271,4
17.4533023738729,-734.242729914809,-7471103,4
17.4683095126294,-737.881570178847,-7208958,4
17.483316651386,-707.371500891915,-6815743,4
17.4983237901425,-692.437993522821,-6422526,4
17.5133309288991,-680.765389714055,-5177342,4
17.5283380676556,-679.243013766861,-5046271,4
17.5433452064122,-676.767956280672,-4784128,4
17.5583523451688,-670.279715065885,-3407872,4
17.5733594839253,-661.574235467394,-2228224,4
17.5883666226819,-656.198780513501,-655359,4
17.6033737614384,-674.380995850451,1769472,4
17.618380900195,-727.809051690108,3342337,4
17.6333880389515,-823.768765114704,3473410,4
17.6483951777081,-806.484406713477,3211265,4
17.6634023164646,-705.192061434306,720899,4
17.6784094552212,-699.036886565295,-1900542,4
17.6934165939777,-667.557841196443,-3735549,4
17.7084237327343,-540.852892497925,-4390911,4
17.7234308714909,-435.41365307119,-5177343,4
17.7384380102474,-294.457719712812,-5177344,4
17.753445149004,-157.876554487856,-4849663,4
17.7684522877605,-40.2976544491066,-4259838,4
17.7834594265171,73.1403749445212,-3604478,4
17.7984665652736,167.697262221983,-3211264,4
17.8134737040302,229.917670425176,-2555902,4
17.8284808427867,260.672500259083,-2490367,4
17.8434879815433,263.45306727761,-2228223,4
17.8584951202998,246.329351850304,-2490365,4
17.8735022590564,228.09613982771,-2818045,4
17.888509397813,214.382016576375,-2555903,4
17.9035165365695,197.608256479143,-2555903,4
17.9185236753261,184.189502881754,-2752509,4
17.9335308140826,182.059031579017,-2490366,4
17.9485379528392,190.828187595114,-2031616,4
17.9635450915957,211.385310982942,-2162685,4
17.9785522303523,237.846451121892,-2097152,4
17.9935593691088,254.724783775682,-1769470,4
18.0085665078654,260.70243187217,-1638397,4
18.0235736466219,265.774442855584,-1114112,4
18.0385807853785,269.680822721005,-1376255,4
18.0535879241351,273.444775387334,-1048573,4
18.0685950628916,278.693234431946,-786429,4
18.0836022016482,279.732197416483,-983037,4
18.0986093404047,278.478239637582,-458750,4
18.1136164791613,281.994075411704,-1310717,4
18.1286236179178,288.8138308623,-655360,4
18.1436307566744,294.627983025471,-589823,4
18.1586378954309,297.139336431019,-851966,4
18.1736450341875,290.847025842188,65539,4
18.188652172944,275.00076501985,-1376255,4
18.2036593117006,255.374810316569,-4390911,4
18.2186664504572,233.275387869862,32702464,4
18.2336735892137,210.06261896882,62193665,4
18.2486807279703,187.834345890251,41353218,4
18.2636878667268,165.21726769807,-3211262,4
18.2786950054834,144.100536925378,-5767166,4
18.2937021442399,128.594585898064,-7798781,4
18.3087092829965,118.515298680863,-7536637,4
18.323716421753,111.918571659192,-7274494,4
18.3387235605096,106.987804549042,-6553597,4
18.3537306992661,99.473328850387,-6029311,4
18.3687378380227,86.2024047672296,-5832701,4
18.3837449767792,65.5835700009638,-4718590,4
18.3987521155358,32.1794421604994,-3604480,4
18.4137592542924,-21.4968743776524,-2228222,4
18.4287663930489,-91.0446825419468,-65533,4
18.4437735318055,-161.214219505006,917504,4
18.458780670562,-222.192351967359,2424835,4
18.4737878093186,-262.353508794776,2818051,4
18.4887949480751,-274.553012732485,2359298,4
18.5038020868317,-263.727520417113,196610,4
18.5188092255882,-282.440736562398,-2883584,4
18.5338163643448,-382.128740848281,-5177342,4
18.5488235031014,-414.91287257836,-6029310,4
18.5638306418579,-295.450175998451,-5832703,4
18.5788377806145,-105.851818809057,-5767168,4
18.593844919371,-25.6630196334789,-4980736,4
18.6088520581276,-47.2711310130446,-4325373,4
18.6238591968841,32.8156390574976,-4063229,4
18.6388663356407,162.919389027461,-3211263,4
18.6538734743972,242.798881604724,-3014655,4
18.6688806131538,297.814811717795,-2752510,4
18.6838877519103,362.607686003515,-2031616,4
18.6988948906669,415.399481581722,-2555902,4
18.7139020294234,463.073207060431,-2752510,4
18.72890916818,508.651818257946,-3014656,4
18.7439163069366,540.961442298472,-2883583,4
18.7589234456931,556.721214382469,-2686975,4
18.7739305844497,552.682088562121,-2818047,4
18.7889377232062,527.116815888036,-2359295,4
18.8039448619628,486.270009969873,-2228224,4
18.8189520007193,432.020524626365,-2424831,4
18.8339591394759,365.083281562804,-2293757,4
18.8489662782324,290.696383680995,-2359295,4
18.863973416989,213.90134403011,-2359293,4
18.8789805557456,142.667643237483,-1900544,4
18.8939876945021,89.1738901531103,-1376253,4
18.9089948332587,54.2981532513636,-1376256,4
18.9240019720152,28.1982659519699,-1245182,4
18.9390091107718,5.98489562793872,-1179648,4
18.9540162495283,-20.4058024914558,-983039,4
18.9690233882849,-56.2781199110037,-851966,4
18.9840305270414,-97.7349990105164,-524288,4
18.999037665798,-128.377958481776,-917502,4
19.0140448045545,-111.972521092872,-786432,4
19.0290519433111,-118.692974120645,-720893,4
19.0440590820676,-210.452252634176,-393215,4
19.0590662208242,-264.028707523138,-589823,4
19.0740733595808,-279.86734181341,1114112,4
19.0890804983373,-287.420323276705,-2883584,4
19.1040876370939,-287.485964886508,327682,4
19.1190947758504,-310.902274409966,49676288,4
19.134101914607,-325.501168724922,48168961,4
19.1491090533635,-321.534107269614,-589824,4
19.1641161921201,-311.979562944831,-4456447,4
19.1791233308766,-319.37835234765,-5505022,4
19.1941304696332,-310.937296250033,-7208958,4
19.2091376083897,-309.955780402479,-6815744,4
19.2241447471463,-310.031832615251,-6881277,4
19.2391518859029,-312.407488639845,-5767166,4
19.2541590246594,-316.550687557816,-5373950,4
19.269166163416,-322.680101804611,-4784125,4
19.2841733021725,-332.194595464242,-3932157,4
19.2991804409291,-344.540126446469,-2555902,4
19.3141875796856,-358.253796424212,-1245184,4
19.3291947184422,-373.090588231511,589825,4
19.3442018571987,-388.903312648322,1769472,4
19.3592089959553,-404.9499922637,2097153,4
19.3742161347118,-420.702090422844,3080192,4
19.3892232734684,-435.317702606744,2097155,4
19.404230412225,-447.427841329777,-65536,4
19.4192375509815,-456.077621333171,-2949120,4
19.4342446897381,-460.470934861148,-4390912,4
19.4492518284946,-458.719075621032,-5308413,4
19.4642589672512,-448.136340005869,-5570559,4
19.4792661060077,-426.081630112011,-5308415,4
19.4942732447643,-389.360446658347,-4587517,4
19.5092803835208,-337.607410678664,-4259838,4
19.5242875222774,-273.871519171773,-3735550,4
19.5392946610339,-200.533029197391,-3473405,4
19.5543017997905,-121.429313201613,-2752511,4
19.5693089385471,-39.5702606249104,-3473406,4
19.5843160773036,44.5173393915565,-3997695,4
19.5993232160602,126.862468288464,-3211262,4
19.6143303548167,201.860562364905,-3670013,4
19.6293374935733,268.064899541025,-3801087,4
19.6443446323298,326.164593953349,-3735550,4
19.6593517710864,377.093873637151,-3735551,4
19.6743589098429,424.604722624836,-3407871,4
19.6893660485995,468.541429773665,-3211261,4
19.704373187356,504.047394988901,-3080192,4
19.7193803261126,530.644691724004,-3145727,4
19.7343874648692,548.435129619912,-3211262,4
19.7493946036257,556.014573959296,-3014653,4
19.7644017423823,553.885017648887,-2818047,4
19.7794088811388,540.387509807991,-2293760,4
19.7944160198954,511.605238096351,-2555903,4
19.8094231586519,471.151570519097,-2097152,4
19.8244302974085,428.931948814329,-1835005,4
19.839437436165,388.541942388732,-1966078,4
19.8544445749216,351.683260076497,-1638400,4
19.8694517136781,322.908184090455,-1703934,4
19.8844588524347,304.038667852919,-1638398,4
19.8994659911913,270.379874792216,-1310718,4
19.9144731299478,168.868262025021,-1441792,4
19.9294802687044,149.144272041992,-1572862,4
19.9444874074609,211.988603118264,-983040,4
19.9594945462175,168.838316284318,-1572863,4
19.974501684974,133.870512002599,-1245183,4
19.9895088237306,183.955050523153,-983040,4
20.0045159624871,195.943194048177,-1048575,4
20.0195231012437,218.19982476151,196608,4
20.0345302400002,249.993795183568,-4849662,4
20.0495373787568,267.69836380874,5242882,4
20.0645445175134,278.458108913008,55967746,4
20.0795516562699,270.518789025445,36896769,4
20.0945587950265,231.747027136308,9764864,4
20.109565933783,164.161661367641,-5832701,4
20.1245730725396,80.8906325359351,-6619133,4
20.1395802112961,-12.3930711567567,-7667712,4
20.1545873500527,-109.126181783873,-7798783,4
20.1695944888092,-191.91524817,-6881280,4
20.1846016275658,-240.014856047434,-6422526,4
20.1996087663223,-279.691453272642,-6029309,4
20.2146159050789,-385.981134818701,-5242879,4
20.2296230438355,-379.213194210181,-4194301,4
20.244630182592,-257.730430192075,-2752511,4
20.2596373213486,-248.404159018434,-1310719,4
20.2746444601051,-267.862767971982,655360,4
20.2896515988617,-223.904418516323,1441795,4
20.3046587376182,-221.916735101654,2621443,4
20.3196658763748,-228.808762154406,3080195,4
20.3346730151313,-227.996805136693,2555905,4
20.3496801538879,-246.491063931192,-786431,4
20.3646872926444,-269.511037789466,-3080192,4
20.379694431401,-337.854154278916,-4521983,4
20.3947015701576,-493.840175341791,-4587520,4
20.4097087089141,-582.420317618725,-4784125,4
20.4247158476707,-526.990434580865,-4259839,4
20.4397229864272,-403.449880138806,-4063231,4
20.4547301251838,-348.12230615414,-3801086,4
20.4697372639403,-356.477560995938,-2949120,4
20.4847444026969,-235.284330373641,-3080192,4
20.4997515414534,-44.7042283795353,-2752511,4
20.51475868021,88.4109733749893,-3276799,4
20.5297658189665,189.988789075962,-3538943,4
20.5447729577231,298.925447069457,-3080192,4
20.5597800964797,383.765832686976,-3538941,4
20.5747872352362,424.623691296551,-3538943,4
20.5897943739928,427.981611038455,-3473408,4
20.6048015127493,397.379939194077,-3145726,4
20.6198086515059,343.14820514657,-3342333,4
20.6348157902624,290.917492847321,-3080189,4
20.649822929019,248.422363250003,-2949118,4
20.6648300677755,206.75082803317,-2621439,4
20.6798372065321,174.736302857066,-2490367,4
20.6948443452886,162.584550836346,-2162687,4
20.7098514840452,169.684178687218,-1966080,4
20.7248586228018,196.56275224181,-1966080,4
20.7398657615583,234.554389827282,-1703934,4
20.7548729003149,262.163551665038,-1441790,4
20.7698800390714,272.756756825678,-1310718,4
20.784887177828,270.62113058041,-1441789,4
20.7998943165845,245.716985894772,-1310719,4
20.8149014553411,186.746179997003,-1310718,4
20.8299085940976,100.794510647429,-786429,4
20.8449157328542,5.74787914936548,-262144,4
20.8599228716107,-73.808306306286,-851968,4
20.8749300103673,-96.9806015944977,-851966,4
20.8899371491239,-74.2932248716082,-524287,4
20.9049442878804,-73.0907473006097,-1179646,4
20.919951426637,-131.993403219248,-131071,4
20.9349585653935,-299.916816208078,-262144,4
20.9499657041501,-503.907336935908,-5373951,4
20.9649728429066,-503.039313303991,17694720,4
20.9799799816632,-304.826929595044,59965442,4
20.9949871204197,-93.20580990888,51118082,4
21.0099942591763,-105.132912584721,3538947,4
21.0250013979328,-266.981033167275,-5439488,4
21.0400085366894,-353.500721117162,-7405565,4
21.055015675446,-310.028508537571,-7798783,4
21.0700228142025,-178.198727934421,-7864317,4
21.0850299529591,-131.621879027499,-7667709,4
21.1000370917156,-197.416346245427,-6684671,4
21.1150442304722,-178.096140988221,-5832703,4
21.1300513692287,-134.494197127756,-5111806,4
21.1450585079853,-129.510603991365,-3866622,4
21.1600656467418,-139.145352689261,-2490368,4
21.1750727854984,-169.686579092282,-1572864,4
21.1900799242549,-226.545526361177,196608,4
21.2050870630115,-282.963972791339,1769473,4
21.2200942017681,-326.184725069238,2621440,4
21.2351013405246,-345.720420223549,3145730,4
21.2501084792812,-338.528073538961,1638400,4
21.2651156180377,-325.333809412164,-1638398,4
21.2801227567943,-342.487778422378,-3866624,4
21.2951298955508,-454.213748617171,-5177341,4
21.3101370343074,-448.776757879177,-5832703,4
21.3251441730639,-246.402004591327,-5505022,4
21.3401513118205,-83.0492153367655,-5111807,4
21.355158450577,-9.3705928455501,-4390911,4
21.3701655893336,19.7621864503796,-4128768,4
21.3851727280901,69.6577538341205,-3801087,4
21.4001798668467,196.343397746793,-3407872,4
21.4151870056033,341.747828847434,-3211261,4
21.4301941443598,381.45274085645,-3342334,4
21.4452012831164,372.500048108267,-3538941,4
21.4602084218729,418.774590723813,-3670013,4
21.4752155606295,435.367438731228,-3735551,4
21.490222699386,445.799552112136,-2949119,4
21.5052298381426,453.187345903942,-3211261,4
21.5202369768991,444.712915586894,-3276799,4
21.5352441156557,477.704755094498,-2883581,4
21.5502512544122,504.994623485721,-2621440,4
21.5652583931688,421.826657608207,-2621438,4
21.5802655319254,345.744206249468,-2490368,4
21.5952726706819,320.450135194851,-2228222,4
21.6102798094385,294.958692351934,-2228222,4
21.625286948195,254.845506844969,-1703935,4
21.6402940869516,187.403009701838,-1769469,4
21.6553012257081,161.582209208988,-1900541,4
21.6703083644647,160.324485485997,-1769471,4
21.6853155032212,157.388204703905,-1507328,4
21.7003226419778,161.184064475981,-1572864,4
21.7153297807343,176.558876990401,-1507325,4
21.7303369194909,177.213540254228,-983039,4
21.7453440582475,186.857636124557,-1572862,4
21.760351197004,190.584225609862,-983038,4
21.7753583357606,182.993271466292,-1179647,4
21.7903654745171,164.85680084645,-1048576,4
21.8053726132737,141.473836264553,65538,4
21.8203797520302,109.174125868935,-2621440,4
21.8353868907868,84.1838998898916,-3538941,4
21.8503940295433,63.930789748413,39387137,4
21.8654011682999,43.1569522365965,32636930,4
21.8804083070564,22.2583652474173,-4915199,4
21.895415445813,2.00219552881691,-6422525,4
21.9104225845696,-18.5941030607667,-8519679,4
21.9254297233261,-36.7214989923105,-8388605,4
21.9404368620827,-53.6732317911945,-8060928,4
21.9554440008392,-74.2695519502315,-7340031,4
21.9704511395958,-97.9755390570682,-6619135,4
21.9854582783523,-121.969797573422,-6356990,4
22.0004654171089,-145.317327766305,-4980736,4
22.0154725558654,-165.432148262429,-3473407,4
22.030479694622,-181.489038578033,-2228224,4
22.0454868333785,-195.877206585871,-393213,4
22.0604939721351,-208.222986305694,1703939,4
22.0755011108917,-217.4622802631,2621441,4
22.0905082496482,-223.521142810468,2359299,4
22.1055153884048,-225.032870632785,-589821,4
22.1205225271613,-221.421103924095,-3342335,4
22.1355296659179,-213.015601669306,-5308414,4
22.1505368046744,-200.008248991747,-6225920,4
22.165543943431,-183.437859498998,-6291456,4
22.1805510821875,-164.663444902335,-5439487,4
22.1955582209441,-145.312252229308,-5046272,4
22.2105653597006,-125.50492958041,-4718589,4
22.2255724984572,-103.404644194049,-3801085,4
22.2405796372138,-76.6900387728977,-3735550,4
22.2555867759703,-41.1827979345177,-3211262,4
22.2705939147269,-3.26002993263718,-3211261,4
22.2856010534834,18.8236819516243,-3211263,4
22.30060819224,31.9607408506444,-3407872,4
22.3156153309965,62.7583852204401,-3604479,4
22.3306224697531,87.6332708509121,-3538941,4
22.3456296085096,47.5102086249177,-3407869,4
22.3606367472662,102.648575633477,-2818048,4
22.3756438860227,269.75537730898,-3080192,4
22.3906510247793,231.75907557465,-3014656,4
22.4056581635359,114.734662962706,-2883582,4
22.4206653022924,233.486909510764,-2555902,4
22.435672441049,363.297703598753,-2424830,4
22.4506795798055,293.521837043417,-2555902,4
22.4656867185621,266.119934288673,-2359296,4
22.4806938573186,322.791562786461,-2555904,4
22.4957009960752,286.563619466107,-2031616,4
22.5107081348317,237.715045874306,-1900543,4
22.5257152735883,203.309550468146,-1769470,4
22.5407224123448,162.667642605367,-1900541,4
22.5557295511014,137.093272690669,-1638399,4
22.570736689858,128.727781179917,-1507328,4
22.5857438286145,130.719837013132,-1441791,4
22.6007509673711,84.502099972793,-1114109,4
22.6157581061276,-62.213690900551,-1179645,4
22.6307652448842,-172.627439371655,-1310720,4
22.6457723836407,-166.116833332206,-1048574,4
22.6607795223973,-99.8419909680865,-393213,4
22.6757866611538,-74.5573731750081,-851968,4
22.6907937999104,-110.586380966336,-917503,4
22.7058009386669,-112.244796785173,458753,4
22.7208080774235,-152.88447174864,-3997694,4
22.7358152161801,-336.711309556915,2490371,4
22.7508223549366,-518.547663791248,53084162,4
22.7658294936932,-433.515926534501,43253762,4
22.7808366324497,-310.59058767127,14811139,4
22.7958437712063,-413.808857388731,-6094846,4
22.8108509099628,-634.651028266554,-6225919,4
22.8258580487194,-733.299875153052,-7733246,4
22.8408651874759,-679.086555045196,-7208958,4
22.8558723262325,-548.388737797392,-6422528,4
22.870879464989,-478.71157067041,-5505021,4
22.8858866037456,-582.675708895886,-4063232,4
22.9008937425022,-599.344635432318,-2752511,4
22.9159008812587,-502.5364745441,-851967,4
22.9309080200153,-418.366777394154,327680,4
22.9459151587718,-348.001184748098,1441793,4
22.9609222975284,-356.715802967718,2490371,4
22.9759294362849,-329.987027690054,2949121,4
22.9909365750415,-297.537872018212,1966083,4
23.005943713798,-295.030516528381,-196606,4
23.0209508525546,-296.950879423281,-3014653,4
23.0359579913111,-285.060783279772,-5111806,4
23.0509651300677,-261.714830960344,-5439487,4
23.0659722688243,-230.270893203358,-5373950,4
23.0809794075808,-184.740587350962,-4980733,4
23.0959865463374,-119.655875395957,-5111808,4
23.1109936850939,-36.4697175868043,-4194301,4
23.1260008238505,61.7343636659542,-3538944,4
23.141007962607,167.751348249096,-3670014,4
23.1560151013636,267.203891945349,-3670013,4
23.1710222401201,354.63783269971,-3276798,4
23.1860293788767,432.823779462959,-3670014,4
23.2010365176332,495.560744993261,-3604479,4
23.2160436563898,535.945840460212,-3473405,4
23.2310507951464,554.020606427957,-3604477,4
23.2460579339029,550.936461457013,-3538942,4
23.2610650726595,532.568974517282,-3473405,4
23.276072211416,512.309178551412,-3276800,4
23.2910793501726,494.068134637585,-2883584,4
23.3060864889291,473.459936274768,-2883581,4
23.3210936276857,455.211006348402,-2490367,4
23.3361007664422,444.580954743895,-2424830,4
23.3511079051988,440.942910377692,-2359295,4
23.3661150439553,443.763806287152,-1900544,4
23.3811221827119,447.685033042187,-1638400,4
23.3961293214685,440.447079229323,-1900544,4
23.411136460225,420.282727343043,-1441791,4
23.4261435989816,394.327445408488,-1245183,4
23.4411507377381,363.129604250178,-1376255,4
23.4561578764947,329.469590047836,-1310719,4
23.4711650152512,290.230629366351,-851966,4
23.4861721540078,230.344476729536,-1114112,4
23.5011792927643,161.156147240137,-1114112,4
23.5161864315209,115.983122301793,-1048576,4
23.5311935702774,69.0561266575362,-983038,4
23.546200709034,-50.3629341389746,-1048576,4
23.5612078477906,-63.9103129929298,524289,4
23.5762149865471,48.8532737297277,-3604477,4
23.5912221253037,57.9227721858153,-458749,4
23.6062292640602,5.77000192553783,48889856,4
23.6212364028168,-4.7899633089474,60882945,4
23.6362435415733,0.910467145454874,18481154,4
23.6512506803299,49.4368349404639,-6160384,4
23.6662578190864,53.5832288467752,-5701631,4
23.681264957843,19.2524611379639,-7864317,4
23.6962720965995,14.0851524023466,-7471101,4
23.7112792353561,17.6893724542737,-6881280,4
23.7262863741126,6.75358416185542,-6422526,4
23.7412935128692,-62.6800555953278,-5701630,4
23.7563006516258,-232.869616730636,-4980736,4
23.7713077903823,-355.098225818005,-3735549,4
23.7863149291389,-343.123244207489,-2621438,4
23.8013220678954,-271.576628930977,-1638399,4
23.816329206652,-293.910076969723,-720893,4
23.8313363454085,-401.475184770965,1376259,4
23.8463434841651,-396.185511653044,2097153,4
23.8613506229216,-334.838502548959,3080193,4
23.8763577616782,-333.749336635685,2621441,4
23.8913649004347,-354.091430482208,262144,4
23.9063720391913,-341.887558285375,-2686974,4
23.9213791779479,-317.523138598395,-4390910,4
23.9363863167044,-296.251930306303,-4915199,4
23.951393455461,-411.438548977203,-5242877,4
23.9664005942175,-600.293752332413,-5177342,4
23.9814077329741,-489.143328486308,-4521984,4
23.9964148717306,-153.213461572553,-4194303,4
24.0114220104872,53.1404588654074,-3801086,4
24.0264291492437,143.684879632804,-3145728,4
24.0414362880003,157.552116337807,-2883583,4
24.0564434267568,170.136513425232,-3145726,4
24.0714505655134,260.233499852504,-2818047,4
24.08645770427,260.148346900095,-3735551,4
24.1014648430265,238.143843683798,-3801088,4
24.1164719817831,246.880075338503,-2949118,4
24.1314791205396,273.386163350606,-3211263,4
24.1464862592962,321.749645024511,-3276799,4
24.1614933980527,377.600290492646,-3014656,4
24.1765005368093,382.757716210923,-3014653,4
24.1915076755658,341.529565722082,-2949119,4
24.2065148143224,310.523813394402,-2752510,4
24.221521953079,286.190789401931,-2818045,4
24.2365290918355,253.658765151829,-2818045,4
24.2515362305921,224.008777226909,-2162688,4
24.2665433693486,191.525802078437,-1966079,4
24.2815505081052,155.96199671046,-1769471,4
24.2965576468617,129.900258802865,-1769469,4
24.3115647856183,113.24170932378,-1835005,4
24.3265719243748,102.75445392029,-1245183,4
24.3415790631314,98.0464302612683,-1376256,4
24.3565862018879,93.5742398636856,-1572862,4
24.3715933406445,87.3174107081859,-917503,4
24.386600479401,81.8711781957932,-1310718,4
24.4016076181576,74.303777051134,-1114111,4
24.4166147569142,60.328223168166,-1245182,4
24.4316218956707,40.2062796681167,-655360,4
24.4466290344273,15.4783873060521,65536,4
24.4616361731838,-11.4381546402816,-4390912,4
24.4766433119404,-34.8863395958176,29753346,4
24.4916504506969,-53.5759173619413,59179010,4
24.5066575894535,-70.8376485681769,40435715,4
24.52166472821,-85.5871297312399,-2097150,4
24.5366718669666,-96.3641699241535,-4980733,4
24.5516790057231,-105.090385367075,-7733248,4
24.5666861444797,-113.90284364723,-7340031,4
24.5816932832363,-127.497570282788,-7208959,4
24.5967004219928,-154.352215757152,-6881279,4
24.6117075607494,-192.309956822139,-6488061,4
24.6267146995059,-228.861144286356,-5963775,4
24.6417218382625,-259.389538312625,-4915199,4
24.656728977019,-279.714810407682,-3735552,4
24.6717361157756,-288.012223921447,-2293757,4
24.6867432545321,-292.873250572739,-1245183,4
24.7017503932887,-343.116657384078,327680,4
24.7167575320452,-489.77700491412,1966080,4
24.7317646708018,-595.520513671351,2555904,4
24.7467718095584,-564.578987713405,2686979,4
24.7617789483149,-452.412831291388,1048579,4
24.7767860870715,-413.622076424426,-2031616,4
24.791793225828,-442.099742069243,-4390910,4
24.8068003645846,-388.785736086832,-5505021,4
24.8218075033411,-299.458256860425,-5111806,4
24.8368146420977,-242.213651585924,-5242878,4
24.8518217808542,-206.909553350071,-4718590,4
24.8668289196108,-151.754955856906,-4128766,4
24.8818360583673,-83.4726666447376,-3997696,4
24.8968431971239,29.0346225396144,-3473406,4
24.9118503358805,152.089039628164,-3276797,4
24.926857474637,178.354656672685,-3407869,4
24.9418646133936,111.614084505947,-2949117,4
24.9568717521501,28.537363790905,-3473408,4
24.9718788909067,80.9816705572927,-3276797,4
24.9868860296632,217.598815322048,-3276798,4
25.0018931684198,247.118102578056,-3407869,4
25.0169003071763,237.719123803472,-3276799,4
25.0319074459329,254.850280209897,-3080191,4
25.0469145846894,271.121745379141,-3080190,4
25.061921723446,327.839541713537,-2949119,4
25.0769288622026,352.357386882933,-2490365,4
25.0919360009591,348.652699288078,-2686973,4
25.1069431397157,349.897058451913,-2293760,4
25.1219502784722,339.956869634845,-2162688,4
25.1369574172288,311.927760579925,-2031614,4
25.1519645559853,273.738972376751,-1835005,4
25.1669716947419,231.085984133581,-1835005,4
25.1819788334984,186.842390387352,-1638397,4
25.196985972255,144.698626629009,-1376253,4
25.2119931110115,113.258499482004,-851968,4
25.2270002497681,103.989553678415,-1048575,4
25.2420073885247,89.8929197580449,-1048573,4
25.2570145272812,4.10461300986906,-720895,4
25.2720216660378,8.90623619808642,-655360,4
25.2870288047943,115.354364434185,-589824,4
25.3020359435509,118.303248824022,-851966,4
25.3170430823074,105.569562670755,131072,4
25.332050221064,157.58202990923,-655358,4
25.3470573598205,166.436418420165,-5111805,4
25.3620644985771,178.408874673858,19005440,4
25.3770716373336,182.255857274236,63111168,4
25.3920787760902,162.278254440354,25886720,4
25.4070859148468,133.381598713619,-6029312,4
25.4220930536033,93.1902088876627,-5701630,4
25.4371001923599,47.2399889915786,-8191997,4
25.4521073311164,0.860014765422442,-7798781,4
25.467114469873,-44.2614904761845,-7602173,4
25.4821216086295,-86.4861831949068,-7012352,4
25.4971287473861,-127.720156922407,-6291455,4
25.5121358861426,-161.612279402016,-5177343,4
25.5271430248992,-173.166831244941,-4063232,4
25.5421501636557,-198.188620970508,-2818046,4
25.5571573024123,-320.989642165557,-917503,4
25.5721644411689,-359.249212865959,1048577,4
25.5871715799254,-289.328951740405,2162690,4
25.602178718682,-316.829658362862,2359297,4
25.6171858574385,-348.987738233348,2752512,4
25.6321929961951,-301.048606650475,983043,4
25.6472001349516,-273.189775049395,-2031616,4
25.6622072737082,-218.829108231251,-4718589,4
25.6772144124647,-156.276893328419,-5898237,4
25.6922215512213,-100.868539509629,-6356991,4
25.7072286899778,-36.6141837793321,-6160382,4
25.7222358287344,24.5099203571416,-5898240,4
25.737242967491,71.7581309046189,-4194304,4
25.7522501062475,106.263444455754,-3866624,4
25.7672572450041,133.068553757134,-3670016,4
25.7822643837606,157.736708536576,-3211262,4
25.7972715225172,192.703491136928,-3342334,4
25.8122786612737,231.349753955064,-3014656,4
25.8272858000303,245.136146458848,-3276799,4
25.8422929387868,241.41240076044,-3538943,4
25.8573000775434,250.81528274194,-3604480,4
25.8723072162999,233.963089329449,-3276798,4
25.8873143550565,103.231842721481,-3342336,4
25.902321493813,107.808710878608,-2883584,4
25.9173286325696,253.860003702853,-2686973,4
25.9323357713262,249.641876099712,-2555902,4
25.9473429100827,122.74838619403,-2359293,4
25.9623500488393,29.7928169887944,-2424832,4
25.9773571875958,20.915228609035,-2490365,4
25.9923643263524,114.222663510251,-2424829,4
26.0073714651089,135.047711352147,-2228222,4
26.0223786038655,98.2047912800661,-2162687,4
26.037385742622,116.247247205178,-1310720,4
26.0523928813786,147.185925615673,-1441791,4
26.0674000201351,156.115941709064,-1179645,4
26.0824071588917,160.071049965591,-1048573,4
26.0974142976483,160.037902643359,-1179645,4
26.1124214364048,149.099025861847,-1310717,4
26.1274285751614,129.14111427286,-1310718,4
26.1424357139179,104.102885245959,-589822,4
26.1574428526745,80.4187019461639,-720895,4
26.172449991431,59.1336506519293,-851967,4
26.1874571301876,35.3907430362375,458754,4
26.2024642689441,9.67600933411262,-4128767,4
26.2174714077007,-17.2933176720916,3014658,4
26.2324785464572,-45.853489987161,54001664,4
26.2474856852138,-73.1165464117513,42860544,4
26.2624928239704,-99.2675342421814,-2752509,4
26.2774999627269,-126.973707660646,-4653054,4
26.2925071014835,-154.833168550199,-7602173,4
26.30751424024,-179.831699750872,-7077887,4
26.3225213789966,-200.027914462354,-7143421,4
26.3375285177531,-212.018970749187,-6815742,4
26.3525356565097,-215.590672781216,-6225919,4
26.3675427952662,-214.806105985803,-3932158,4
26.3825499340228,-211.69782992017,-2686976,4
26.3975570727794,-209.03187984172,-917501,4
26.4125642115359,-210.871019587096,983043,4
26.4275713502925,-220.237934172715,2097154,4
26.442578489049,-242.250795827708,3080194,4
26.4575856278056,-283.596183177632,3407873,4
26.4725927665621,-344.353379142091,2686978,4
26.4875999053187,-418.557084312196,-786429,4
26.5026070440752,-489.107288726073,-2949118,4
26.5176141828318,-522.273901790864,-4980733,4
26.5326213215883,-545.505669550804,-5832702,4
26.5476284603449,-615.530640073553,-5439485,4
26.5626355991014,-629.535745442378,-4915199,4
26.577642737858,-590.853707233926,-4456446,4
26.5926498766146,-513.847521241263,-3866624,4
26.6076570153711,-416.592892726713,-3407870,4
26.6226641541277,-321.733319585211,-2949117,4
26.6376712928842,-212.478932103661,-2686974,4
26.6526784316408,-111.575980304942,-2818048,4
26.6676855703973,-36.0514622744107,-2949119,4
26.6826927091539,45.5108482967456,-2883581,4
26.6976998479104,206.09996821829,-2686975,4
26.712706986667,273.578048451189,-3080190,4
26.7277141254235,248.278164925406,-3276800,4
26.7427212641801,250.020170344591,-3538942,4
26.7577284029367,270.887879907403,-3211261,4
26.7727355416932,329.90110980262,-3014654,4
26.7877426804498,355.265085987859,-3145727,4
26.8027498192063,347.746100066734,-2752510,4
26.8177569579629,361.599408029644,-2359296,4
26.8327640967194,378.725445969018,-2490367,4
26.847771235476,387.654111647369,-2686975,4
26.8627783742325,394.049039292218,-2621438,4
26.8777855129891,391.244656555964,-2293757,4
26.8927926517456,375.905695740884,-2228224,4
26.9077997905022,351.806101448121,-2031613,4
26.9228069292588,318.248937735494,-1703936,4
26.9378140680153,275.317305350578,-1769472,4
26.9528212067719,228.035228192455,-1572864,4
26.9678283455284,183.674406605829,-1507327,4
26.982835484285,148.84141691149,-1179647,4
26.9978426230415,130.777347429872,-1179647,4
27.0128497617981,132.158613454421,-1179648,4
27.0278569005546,148.755823005452,-1376253,4
27.0428640393112,128.802835266355,-786431,4
27.0578711780677,9.84376005686898,-917502,4
27.0728783168243,-62.2014325183257,65536,4
27.0878854555809,-5.98263085512807,-1835007,4
27.1028925943374,102.617988423652,-6029312,4
27.117899733094,117.845885841985,28966914,4
27.1329068718505,38.2113210801332,58785795,4
27.1479140106071,32.0047776316744,-5898237,4
27.1629211493636,58.3964127235125,-6619133,4
27.1779282881202,49.7129975705965,-7995392,4
27.1929354268767,32.2744490681588,-8126462,4
27.2079425656333,12.1780622866154,-7536639,4
27.2229497043898,-19.5738535794443,-6946814,4
27.2379568431464,-47.7520969145299,-6422525,4
27.252963981903,-70.1413509011517,-5636095,4
27.2679711206595,-94.9403291186724,-5177341,4
27.2829782594161,-118.142557659084,-3473405,4
27.2979853981726,-135.417248859297,-2162688,4
27.3129925369292,-147.922191423274,-917501,4
27.3279996756857,-155.95850409746,1179649,4
27.3430068144423,-161.069742157358,2031616,4
27.3580139531988,-167.895486161391,2359296,4
27.3730210919554,-176.886755167194,1900545,4
27.3880282307119,-184.795783377038,851969,4
27.4030353694685,-191.598770442523,-2097150,4
27.4180425082251,-196.992217431239,-4521983,4
27.4330496469816,-199.88887347795,-5570558,4
27.4480567857382,-200.925229224029,-5898237,4
27.4630639244947,-198.39647013858,-5505023,4
27.4780710632513,-188.658537632283,-4915198,4
27.4930782020078,-170.64657093446,-4456448,4
27.5080853407644,-144.316614047778,-4128767,4
27.5230924795209,-108.384357009178,-3670014,4
27.5380996182775,-62.1484721882309,-3473408,4
27.553106757034,-6.48123068363602,-3604479,4
27.5681138957906,56.7316968468958,-3342336,4
27.5831210345472,124.223833739668,-3801088,4
27.5981281733037,190.749084549484,-4063230,4
27.6131353120603,252.684993208243,-3407872,4
27.6281424508168,307.982279684353,-3407869,4
27.6431495895734,351.809229743795,-3407869,4
27.6581567283299,378.481543659442,-3080192,4
27.6731638670865,387.029828341468,-3801087,4
27.688171005843,379.990383425824,-2555902,4
27.7031781445996,360.603104318873,-3211262,4
27.7181852833561,335.705555212104,-3145725,4
27.7331924221127,307.828547922753,-1900543,4
27.7481995608693,273.932751240864,-2031615,4
27.7632066996258,236.958305757199,-2424832,4
27.7782138383824,201.154733078925,-2424829,4
27.7932209771389,167.421999767796,-1966077,4
27.8082281158955,137.532245966093,-1835005,4
27.823235254652,112.323827000042,-1703933,4
27.8382423934086,90.5301592255649,-1900541,4
27.8532495321651,68.3613108690251,-1376254,4
27.8682566709217,38.3614443518408,-1507325,4
27.8832638096782,10.739359928219,-1114109,4
27.8982709484348,14.1819590825196,-851968,4
27.9132780871914,18.543734729177,-1179648,4
27.9282852259479,-57.8406466645716,-1310719,4
27.9432923647045,-33.7864437272963,-1245181,4
27.958299503461,90.5880472634004,-1048576,4
27.9733066422176,98.8404472083062,-1376253,4
27.9883137809741,52.2330393735377,393218,4
28.0033209197307,37.8539492336561,-3342334,4
28.0183280584872,3.55169806902038,-655357,4
28.0333351972438,-15.4681845218227,45547522,4
28.0483423360003,-67.1681596254807,48955394,4
28.0633494747569,-141.0780878565,1638402,4
28.0783566135135,-169.467027091503,-5505023,4
28.09336375227,-174.338933628191,-7733245,4
28.1083708910266,-207.413434029182,-7405568,4
28.1233780297831,-275.635057143483,-7471103,4
28.1383851685397,-387.425098183957,-7077887,4
28.1533923072962,-377.128167919969,-6946815,4
28.1683994460528,-279.928239054652,-6553597,4
28.1834065848093,-294.021517621905,-5570558,4
28.1984137235659,-327.981862192484,-4521981,4
28.2134208623224,-313.978749536091,-3342333,4
28.228428001079,-334.469357852973,-1769471,4
28.2434351398355,-339.318916639185,-65534,4
28.2584422785921,-367.833930976673,1638400,4
28.2734494173487,-414.004275641856,2818051,4
28.2884565561052,-431.136193623159,2818051,4
28.3034636948618,-451.203093655247,1638403,4
28.3184708336183,-545.57434513154,458753,4
28.3334779723749,-554.691918101385,-2883582,4
28.3484851111314,-466.308192876969,-4653053,4
28.363492249888,-469.535248836736,-5373950,4
28.3784993886445,-441.862821030911,-5636096,4
28.3935065274011,-303.917817411095,-5111807,4
28.4085136661576,-194.025002063539,-3604480,4
28.4235208049142,-66.5187396781979,-3342335,4
28.4385279436708,69.3928468853158,-3276800,4
28.4535350824273,185.191304024703,-2883583,4
28.4685422211839,290.371155316975,-3211263,4
28.4835493599404,371.591175462414,-3145725,4
28.498556498697,414.968298751404,-2818046,4
28.5135636374535,419.697654893582,-2949119,4
28.5285707762101,390.217161521406,-3342334,4
28.5435779149666,336.236408003522,-2883583,4
28.5585850537232,279.386529488371,-2752512,4
28.5735921924798,225.865406609702,-2752510,4
28.5885993312363,165.96205365708,-2228221,4
28.6036064699929,116.070024774285,-2293759,4
28.6186136087494,104.912054771378,-1900542,4
28.633620747506,109.662957169315,-2162686,4
28.6486278862625,83.2188789636445,-2228222,4
28.6636350250191,106.37161300854,-1638398,4
28.6786421637756,123.672818418913,-1572862,4
28.6936493025322,119.072557303612,-1638398,4
28.7086564412887,128.882617612655,-983040,4
28.7236635800453,127.852981893836,-1179647,4
28.7386707188019,131.517263821733,-1048576,4
28.7536778575584,143.519337780878,-655360,4
28.768684996315,153.513963760986,-786430,4
28.7836921350715,155.151189293239,-917503,4
28.7986992738281,170.274364614555,-720895,4
28.8137064125846,188.549318952332,-786431,4
28.8287135513412,205.238554869356,-1114111,4
28.8437206900977,216.224429358866,-327680,4
28.8587278288543,213.425392128321,1048577,4
28.8737349676108,195.549047854761,-2621438,4
28.8887421063674,170.864060424643,-1048573,4
28.9037492451239,141.702416821238,46071808,4
28.9187563838805,110.848362906239,54067201,4
28.9337635226371,81.9049926969546,3670019,4
28.9487706613936,53.3219655274269,-5308414,4
28.9637778001502,28.8443582326971,-7536639,4
28.9787849389067,15.6826517535178,-7798781,4
28.9937920776633,13.4893036388598,-7864319,4
29.0087992164198,18.1690662137484,-7733245,4
29.0238063551764,25.78677261158,-7143421,4
29.0388134939329,27.964852572915,-6619136,4
29.0538206326895,21.3931779946057,-5963775,4
29.068827771446,9.29574270161364,-4784126,4
29.0838349102026,-11.9558572677494,-3538942,4
29.0988420489592,-47.4699065354797,-1835005,4
29.1138491877157,-94.7836376492102,-131071,4
29.1288563264723,-148.394507098602,1572865,4
29.1438634652288,-205.675640007218,2228224,4
29.1588706039854,-263.649020205022,1114115,4
29.1738777427419,-307.901710725951,-1966079,4
29.1888848814985,-314.507597033651,-3342334,4
29.203892020255,-313.23027043464,-5242880,4
29.2188991590116,-386.799675820793,-6029309,4
29.2339062977681,-367.748018953009,-6029309,4
29.2489134365247,-248.859296655834,-5505022,4
29.2639205752813,-222.29050857254,-4849663,4
29.2789277140378,-197.345560701008,-4194303,4
29.2939348527944,-105.93188469959,-3670014,4
29.3089419915509,-54.0120666662863,-3080192,4
29.3239491303075,11.5656928491209,-2752510,4
29.338956269064,76.2324584477245,-2228224,4
29.3539634078206,129.406420450827,-2686975,4
29.3689705465771,179.229598639719,-2490367,4
29.3839776853337,223.664937559608,-2293758,4
29.3989848240902,267.573340332685,-3014653,4
29.4139919628468,310.376373635674,-2818047,4
29.4289991016034,344.953880057063,-2555903,4
29.4440062403599,368.598609968409,-2752509,4
29.4590133791165,377.758871220891,-2686976,4
29.474020517873,371.22808233831,-2293759,4
29.4890276566296,354.150075433606,-1966077,4
29.5040347953861,327.804951100641,-2097151,4
29.5190419341427,292.633424471045,-2228221,4
29.5340490728992,252.111473130016,-1638399,4
29.5490562116558,208.76947807991,-1835006,4
29.5640633504123,167.502053227489,-1769471,4
29.5790704891689,136.193661506998,-1114112,4
29.5940776279255,116.059959689456,-1376256,4
29.609084766682,102.646410775258,-1179647,4
29.6240919054386,93.2738773683553,-917501,4
29.6390990441951,82.1652465134608,-983040,4
29.6541061829517,67.3805421514581,-720894,4
29.6691133217082,53.7820574486193,-327680,4
29.6841204604648,39.8090864240803,-65536,4
29.6991275992213,22.1421364414758,-917503,4
29.7141347379779,1.56714613713652,-655357,4
29.7291418767344,-21.9624719892544,-720895,4
29.744149015491,-46.2899096635052,-524288,4
29.7591561542476,-65.467820379119,393216,4
29.7741632930041,-79.234022308085,-720895,4
29.7891704317607,-91.8283569201752,-6291456,4
29.8041775705172,-103.827222881689,17432577,4
29.8191847092738,-116.63476423848,61669376,4
29.8341918480303,-131.100621610603,23527424,4
29.8491989867869,-144.483389708303,-5505023,4
29.8642061255434,-157.185835686199,-5636094,4
29.8792132643,-171.174476834128,-8126463,4
29.8942204030565,-185.749823834257,-7536639,4
29.9092275418131,-200.135904495438,-6946813,4
29.9242346805697,-213.384664151799,-6684672,4
29.9392418193262,-223.057803087483,-6094848,4
29.9542489580828,-229.715326361547,-5701629,4
29.9692560968393,-236.907806401607,-4456447,4
29.9842632355959,-246.947582930372,-3866621,4
29.9992703743524,-263.236280487745,-2621440,4
30.014277513109,-284.598890110548,-917502,4
30.0292846518655,-303.316184113259,786433,4
30.0442917906221,-318.699536124716,1966081,4
30.0592989293786,-333.673696606544,2818048,4
30.0743060681352,-345.593065297701,2162691,4
30.0893132068918,-352.122074894404,262144,4
30.1043203456483,-375.637363566924,-2424830,4
30.1193274844049,-462.618927958497,-3866621,4
30.1343346231614,-472.582318611378,-5636093,4
30.149341761918,-388.736884746797,-5439486,4
30.1643489006745,-402.125331587188,-5505023,4
30.1793560394311,-409.812611213598,-5636095,4
30.1943631781876,-334.295880484813,-5046271,4
30.2093703169442,-288.875787744944,-4325375,4
30.2243774557007,-215.234124401086,-4128767,4
30.2393845944573,-136.824360108095,-4063230,4
30.2543917332139,-64.6092718829841,-3735552,4
30.2693988719704,14.1000258749866,-3407871,4
30.284406010727,90.8520090341003,-3670015,4
30.2994131494835,158.818277156394,-3735551,4
30.3144202882401,218.080443096954,-3735550,4
30.3294274269966,268.803992583168,-3735551,4
30.3444345657532,312.220904312666,-3866622,4
30.3594417045097,353.453047009854,-3997695,4
30.3744488432663,392.259058103306,-3801085,4
30.3894559820228,422.910597019772,-3604480,4
30.4044631207794,444.539811234105,-3735550,4
30.419470259536,456.377230628331,-3407871,4
30.4344773982925,457.586855728112,-3538943,4
30.4494845370491,451.224098626022,-3014655,4
30.4644916758056,437.502640417428,-2752510,4
30.4794988145622,414.919331375046,-2752512,4
30.4945059533187,385.769537871798,-2686976,4
30.5095130920753,353.533961952414,-2686973,4
30.5245202308318,321.815330964582,-2752512,4
30.5395273695884,296.288977367239,-2293759,4
30.5545345083449,278.225166035675,-2162688,4
30.5695416471015,263.909867068073,-1900542,4
30.584548785858,251.826260159227,-1966079,4
30.5995559246146,239.003733981111,-1638400,4
30.6145630633712,224.069033379161,-1507326,4
30.6295702021277,210.095455571622,-1507325,4
30.6445773408843,195.890124714795,-1572863,4
30.6595844796408,178.598990914215,-1572863,4
30.6745916183974,158.697455187033,-1572864,4
30.6895987571539,136.705458858557,-1638399,4
30.7046058959105,114.115192948875,-1572862,4
30.719613034667,94.9792630885485,196609,4
30.7346201734236,79.4276329576743,-3735552,4
30.7496273121802,64.040343354921,-1638397,4
30.7646344509367,48.1584691095463,45744128,4
30.7796415896933,30.6697406043899,47906819,4
30.7946487284498,10.9346882746044,-131069,4
30.8096558672064,-8.81184774227447,-5177344,4
30.8246630059629,-28.5726594757836,-8060925,4
30.8396701447195,-49.3711521548133,-8060927,4
30.854677283476,-70.6350504205506,-8126463,4
30.8696844222326,-92.2104612380793,-7208957,4
30.8846915609891,-113.532177870589,-6815741,4
30.8996986997457,-132.984559091527,-6029311,4
30.9147058385023,-150.619757473264,-4980733,4
30.9297129772588,-167.797884586129,-4587520,4
30.9447201160154,-185.165270306995,-3604479,4
30.9597272547719,-203.899313063213,-1638397,4
30.9747343935285,-224.607506473962,1,4
30.989741532285,-246.571864521029,1507331,4
31.0047486710416,-270.248807943409,2424833,4
31.0197558097981,-296.460946275597,2686979,4
31.0347629485547,-324.291124689413,2228225,4
31.0497700873112,-351.930331184843,-65533,4
31.0647772260678,-377.113240234575,-2949119,4
31.0797843648244,-396.222977609913,-4849664,4
31.0947915035809,-406.713779946222,-5767165,4
31.1097986423375,-407.279926504023,-5701630,4
31.124805781094,-394.722127975456,-5242880,4
31.1398129198506,-365.264516099631,-4718592,4
31.1548200586071,-319.187133815995,-4521981,4
31.1698271973637,-260.013576738863,-4194301,4
31.1848343361202,-191.836972959413,-3801088,4
31.1998414748768,-121.770430303018,-3604480,4
31.2148486136333,-54.364002830683,-3473406,4
31.2298557523899,9.52129514973083,-3407869,4
31.2448628911464,63.937813096196,-3866622,4
31.259870029903,101.208366239532,-3801088,4
31.2748771686596,120.523815578843,-3604477,4
31.2898843074161,125.146159284748,-3735549,4
31.3048914461727,120.616056213713,-3604480,4
31.3198985849292,118.903962503264,-3407870,4
31.3349057236858,118.108525470716,-3342336,4
31.3499128624423,101.136584116453,-3473408,4
31.3649200011989,78.7136124661373,-2818048,4
31.3799271399554,79.5844695928282,-2686973,4
31.394934278712,73.6709630628543,-2555902,4
31.4099414174686,-12.6045916241975,-2424832,4
31.4249485562251,-14.8167792426243,-2490368,4
31.4399556949817,82.121764237808,-2359293,4
31.4549628337382,55.7100634654568,-1966079,4
31.4699699724948,-30.2076561985616,-2293760,4
31.4849771112513,-43.7465992389838,-2031616,4
31.4999842500079,-18.4336683231155,-1966080,4
